USER_ID,MAIN_EMOTION,AGE
201001105,felicidad,29
201001149,motivacion,25
201002103,tristeza,22
201002119,estres,17
201002120,preocupacion,26
201002147,felicidad,19
201004121,felicidad,18
201006144,satisfaccion,20
201008134,aburrimiento,21
201009135,ansiedad,27
201011124,felicidad,23
201011142,ansiedad,28
201011143,aburrimiento,24
201011149,motivacion,18
201012100,alivio,24
201012114,tristeza,27
201012132,satisfaccion,19
201013105,estres,29
201013114,ansiedad,22
201013125,estres,26
201013128,felicidad,26
201013135,estres,25
201013139,aburrimiento,23
201014139,felicidad,23
201015132,felicidad,26
201023146,motivacion,22
201026114,satisfaccion,22
201027126,estres,20
201030128,felicidad,21
201033134,felicidad,21
201101104,felicidad,17
201101135,enojo,27
201102114,estres,19
201102138,frustracion,26
201103113,satisfaccion,18
201103130,aburrimiento,28
201104149,felicidad,26
201105104,felicidad,20
201105130,alivio,25
201106120,ansiedad,21
201106138,tristeza,17
201107146,satisfaccion,25
201108128,estres,17
201111118,estres,28
201111123,satisfaccion,20
201111141,estres,19
201111148,aburrimiento,18
201112109,felicidad,24
201112110,ansiedad,25
201112111,estres,22
201112129,alivio,20
201113122,ansiedad,20
201114108,alivio,28
201114113,frustracion,23
201114149,satisfaccion,28
201115110,motivacion,26
201123116,enojo,19
201123135,satisfaccion,24
201126107,felicidad,29
201133114,tristeza,20
201201117,enojo,29
201202109,frustracion,23
201202131,motivacion,25
201203138,motivacion,20
201203145,alivio,21
201207117,alivio,20
201209134,ansiedad,21
201211101,alivio,23
201211104,aburrimiento,22
201212102,satisfaccion,25
201212106,satisfaccion,24
201212127,tristeza,29
201213100,felicidad,27
201213145,ansiedad,29
201225101,estres,29
201225121,ansiedad,23
201228145,motivacion,29
201301126,alivio,23
201302105,satisfaccion,19
201304128,felicidad,27
201305140,ansiedad,24
201307111,aburrimiento,26
201307125,alivio,22
201307127,preocupacion,21
201308135,ansiedad,26
201312116,alivio,20
201312130,aburrimiento,25
201312148,ansiedad,17
201313108,alivio,20
201313116,alivio,25
201313126,ansiedad,25
201314130,satisfaccion,17
201314145,alivio,25
201322133,felicidad,22
201322141,satisfaccion,18
201324101,satisfaccion,29
201327111,alivio,27
201328144,motivacion,27
201332119,alivio,22
201333109,motivacion,21
201333132,felicidad,22
201402110,motivacion,18
201402137,alivio,23
201404134,felicidad,19
201406119,frustracion,28
201409108,alivio,23
201409143,felicidad,18
201412101,satisfaccion,29
201413101,enojo,19
201413147,frustracion,29
201414142,estres,17
201415120,ansiedad,28
201421147,felicidad,19
201424106,felicidad,19
201424120,alivio,23
201424124,alivio,18
201425125,felicidad,28
201427115,alivio,21
201427117,satisfaccion,24
201427148,estres,26
201428131,satisfaccion,24
201429121,motivacion,29
201430102,felicidad,17
201431104,motivacion,22
201432130,alivio,19
201432139,preocupacion,22
201433113,motivacion,19
201501127,aburrimiento,19
201501134,ansiedad,19
201502116,tristeza,20
201502140,ansiedad,19
201503122,alivio,25
201504101,preocupacion,25
201504119,alivio,22
201506140,ansiedad,24
201511102,alivio,25
201511110,felicidad,28
201512107,motivacion,20
201512145,felicidad,17
201513110,aburrimiento,25
201513117,motivacion,25
201513129,satisfaccion,19
201513134,alivio,29
201522138,felicidad,17
201523115,satisfaccion,25
201524117,alivio,23
201526117,alivio,25
201528114,motivacion,26
201528118,estres,22
201530124,alivio,26
201531122,motivacion,20
201601144,aburrimiento,23
201602102,tristeza,18
201602104,satisfaccion,23
201602113,motivacion,28
201602141,tristeza,25
201603121,felicidad,28
201605127,alivio,17
201605129,motivacion,24
201606105,motivacion,28
201607137,motivacion,24
201607147,frustracion,20
201609104,satisfaccion,20
201612123,preocupacion,19
201613137,motivacion,18
201613144,tristeza,24
201621144,motivacion,29
201623129,felicidad,27
201633118,estres,27
201633119,aburrimiento,22
201633146,satisfaccion,27
201701103,felicidad,21
201701141,preocupacion,24
201702101,felicidad,22
201702115,aburrimiento,23
201702149,ansiedad,17
201703148,felicidad,27
201703196,alivio,22
201704165,alivio,19
201705132,tristeza,24
201707129,ansiedad,21
201707142,felicidad,26
201707181,alivio,26
201709100,satisfaccion,26
201709176,alivio,22
201712119,ansiedad,25
201712122,felicidad,19
201712134,estres,21
201712139,estres,23
201712163,felicidad,22
201713104,alivio,28
201713118,alivio,19
201713173,felicidad,22
201713178,motivacion,27
201714187,alivio,23
201715149,aburrimiento,22
201723140,ansiedad,22
201728101,felicidad,18
201732117,motivacion,21
201802118,satisfaccion,22
201802121,aburrimiento,28
201802123,satisfaccion,24
201804117,felicidad,21
201804122,preocupacion,29
201804186,alivio,24
201804191,alivio,24
201805106,motivacion,19
201805146,motivacion,28
201806100,aburrimiento,20
201806153,ansiedad,20
201807101,felicidad,25
201807145,ansiedad,29
201807170,felicidad,19
201807193,alivio,19
201809102,frustracion,24
201809103,aburrimiento,26
201809123,frustracion,26
201810109,felicidad,27
201810130,felicidad,29
201810132,felicidad,27
201810135,ansiedad,22
201810141,aburrimiento,26
201810150,felicidad,25
201810162,satisfaccion,28
201810174,ansiedad,28
201810175,tristeza,17
201810188,ansiedad,17
201810208,ansiedad,17
201810211,alivio,21
201810224,felicidad,27
201810254,ansiedad,23
201810255,satisfaccion,24
201810265,estres,21
201810279,motivacion,21
201810291,ansiedad,26
201810296,alivio,25
201810300,satisfaccion,29
201810302,motivacion,19
201810304,felicidad,18
201810312,estres,20
201810335,ansiedad,23
201810357,satisfaccion,24
201810365,aburrimiento,23
201810376,motivacion,17
201810377,alivio,22
201810387,tristeza,22
201810388,ansiedad,26
201810397,alivio,28
201810402,alivio,21
201810405,motivacion,25
201810406,satisfaccion,28
201810430,estres,24
201810444,felicidad,21
201810454,tristeza,19
201810463,felicidad,27
201810485,satisfaccion,20
201810503,motivacion,27
201810504,tristeza,22
201810510,satisfaccion,26
201810523,motivacion,18
201810528,tristeza,24
201810531,aburrimiento,29
201810537,motivacion,21
201810540,preocupacion,21
201810543,estres,29
201810548,felicidad,23
201810551,motivacion,26
201810562,motivacion,22
201810566,alivio,25
201810570,motivacion,23
201810571,satisfaccion,29
201810575,estres,22
201810592,satisfaccion,21
201810605,felicidad,28
201810606,felicidad,28
201810608,motivacion,25
201810621,ansiedad,24
201810624,estres,25
201810629,estres,22
201810644,motivacion,23
201810668,enojo,23
201810688,ansiedad,24
201810706,aburrimiento,20
201810708,alivio,20
201810710,tristeza,21
201811136,tristeza,27
201811155,aburrimiento,22
201812105,felicidad,18
201812117,alivio,27
201812182,aburrimiento,20
201812194,felicidad,22
201812199,alivio,17
201813120,felicidad,20
201813133,ansiedad,20
201813141,felicidad,23
201813146,aburrimiento,28
201813182,aburrimiento,20
201813190,felicidad,17
201813199,tristeza,28
201814110,aburrimiento,29
201814147,satisfaccion,28
201814155,preocupacion,25
201814194,ansiedad,25
201815140,tristeza,29
201815154,motivacion,29
201820110,estres,18
201820123,estres,22
201820125,preocupacion,24
201820129,motivacion,25
201820130,preocupacion,22
201820139,motivacion,25
201820159,felicidad,28
201820165,enojo,23
201820166,felicidad,24
201820169,felicidad,28
201820176,alivio,27
201820181,estres,20
201820188,alivio,26
201820208,enojo,25
201820234,satisfaccion,18
201820244,motivacion,25
201820264,satisfaccion,28
201820277,tristeza,24
201820284,enojo,22
201820289,motivacion,29
201820290,motivacion,23
201820297,alivio,21
201820306,preocupacion,24
201820321,frustracion,26
201820326,frustracion,25
201820341,motivacion,28
201820344,aburrimiento,27
201820345,motivacion,23
201820346,ansiedad,26
201820350,motivacion,20
201820356,alivio,20
201820362,satisfaccion,20
201820363,motivacion,24
201820365,felicidad,29
201820370,felicidad,20
201820384,motivacion,20
201820387,ansiedad,21
201820411,alivio,17
201820432,enojo,23
201820436,satisfaccion,29
201820439,ansiedad,28
201820453,satisfaccion,17
201820455,aburrimiento,17
201820480,satisfaccion,27
201820483,ansiedad,22
201820485,aburrimiento,26
201820488,ansiedad,29
201820537,satisfaccion,22
201820551,estres,27
201820553,aburrimiento,23
201820554,felicidad,29
201820556,aburrimiento,29
201820573,felicidad,28
201820577,motivacion,23
201820584,motivacion,25
201820586,motivacion,17
201820594,estres,20
201820596,motivacion,20
201820598,satisfaccion,28
201820601,motivacion,25
201820609,felicidad,18
201820612,felicidad,28
201820614,preocupacion,27
201820621,estres,25
201820633,frustracion,22
201820644,satisfaccion,25
201820649,aburrimiento,23
201820658,aburrimiento,26
201820666,ansiedad,28
201820667,felicidad,17
201820671,preocupacion,22
201820673,frustracion,26
201820675,ansiedad,18
201820677,satisfaccion,18
201820680,satisfaccion,17
201820687,estres,29
201820690,enojo,21
201820709,ansiedad,27
201820714,frustracion,21
201820717,motivacion,18
201820721,felicidad,26
201820723,enojo,26
201820728,motivacion,22
201820729,preocupacion,23
201820734,tristeza,26
201820746,preocupacion,25
201821109,satisfaccion,28
201822108,tristeza,25
201824100,ansiedad,27
201826131,felicidad,22
201833100,felicidad,29
201901124,felicidad,27
201901128,satisfaccion,24
201902126,motivacion,20
201902159,ansiedad,20
201903115,frustracion,22
201903123,motivacion,27
201903135,frustracion,17
201903173,felicidad,23
201904127,motivacion,23
201904132,estres,28
201905139,estres,19
201905145,satisfaccion,21
201907134,aburrimiento,29
201909140,motivacion,29
201910100,satisfaccion,20
201910104,ansiedad,29
201910108,estres,26
201910109,preocupacion,26
201910112,aburrimiento,22
201910113,ansiedad,24
201910115,enojo,27
201910116,aburrimiento,22
201910117,motivacion,20
201910119,estres,22
201910120,motivacion,18
201910121,ansiedad,22
201910123,frustracion,28
201910126,motivacion,17
201910130,alivio,17
201910133,satisfaccion,22
201910134,ansiedad,24
201910135,estres,23
201910138,felicidad,24
201910139,aburrimiento,28
201910140,aburrimiento,20
201910141,motivacion,18
201910142,alivio,27
201910143,motivacion,25
201910146,estres,26
201910147,alivio,24
201910148,motivacion,17
201910149,ansiedad,28
201910150,ansiedad,19
201910152,frustracion,22
201910155,frustracion,18
201910156,frustracion,19
201910157,ansiedad,20
201910158,alivio,25
201910159,alivio,17
201910161,tristeza,23
201910164,ansiedad,17
201910165,estres,28
201910167,ansiedad,22
201910168,aburrimiento,23
201910170,aburrimiento,27
201910172,felicidad,26
201910173,tristeza,24
201910174,aburrimiento,25
201910175,felicidad,24
201910177,motivacion,24
201910182,frustracion,28
201910183,motivacion,17
201910184,felicidad,29
201910185,ansiedad,22
201910187,tristeza,24
201910188,ansiedad,29
201910195,alivio,23
201910201,aburrimiento,29
201910202,aburrimiento,27
201910204,felicidad,23
201910206,aburrimiento,23
201910207,alivio,18
201910209,felicidad,18
201910211,satisfaccion,17
201910215,enojo,23
201910217,aburrimiento,23
201910224,felicidad,18
201910229,motivacion,18
201910231,satisfaccion,27
201910237,alivio,18
201910282,alivio,19
201910296,motivacion,25
201910307,ansiedad,24
201910310,motivacion,22
201910336,satisfaccion,19
201910351,satisfaccion,25
201910363,estres,25
201910369,satisfaccion,19
201910398,ansiedad,23
201910453,motivacion,19
201910463,estres,22
201910497,satisfaccion,18
201910501,satisfaccion,19
201910536,frustracion,21
201910543,tristeza,28
201910545,estres,28
201910566,frustracion,17
201910597,ansiedad,20
201910599,felicidad,27
201910631,preocupacion,18
201910671,satisfaccion,19
201910684,felicidad,23
201910686,felicidad,23
201910692,motivacion,27
201910720,felicidad,22
201911119,estres,18
201911138,felicidad,19
201912113,tristeza,20
201912140,preocupacion,24
201913113,enojo,28
201913169,alivio,18
201913198,alivio,19
201915129,enojo,22
201920110,satisfaccion,19
201920127,tristeza,26
201920133,alivio,28
201920151,motivacion,25
201920159,motivacion,29
201920200,preocupacion,20
201920211,tristeza,25
201920221,alivio,23
201920234,ansiedad,19
201920241,preocupacion,21
201920253,satisfaccion,17
201920255,felicidad,24
201920270,frustracion,24
201920293,felicidad,25
201920298,aburrimiento,26
201920322,satisfaccion,25
201920330,estres,25
201920345,enojo,22
201920367,ansiedad,21
201920402,aburrimiento,22
201920449,motivacion,21
201920466,motivacion,22
201920467,satisfaccion,23
201920486,preocupacion,21
201920495,tristeza,25
201920526,satisfaccion,21
201920545,frustracion,29
201920560,enojo,23
201920581,preocupacion,21
201920595,ansiedad,21
201920608,motivacion,20
201920620,aburrimiento,20
201920635,felicidad,21
201920645,preocupacion,23
201920650,alivio,26
201920657,alivio,24
201920659,preocupacion,21
201920660,tristeza,18
201920661,motivacion,26
201920664,alivio,21
201920676,preocupacion,23
201920682,satisfaccion,23
201920687,motivacion,27
201920692,satisfaccion,21
201920699,enojo,19
201920719,preocupacion,26
201920725,estres,20
201920745,estres,25
201921128,satisfaccion,21
201922132,motivacion,25
201922149,felicidad,23
201924146,motivacion,23
201925114,alivio,29
201927120,enojo,27
201927138,motivacion,23
201927140,alivio,26
201929109,aburrimiento,25
201929141,frustracion,22
201931113,estres,17
201932123,felicidad,23
201933105,preocupacion,20
201933122,satisfaccion,28
201933125,alivio,28
201933136,alivio,27
202001101,alivio,17
202001107,motivacion,22
202001112,alivio,23
202001160,frustracion,19
202002106,motivacion,26
202002133,motivacion,28
202002144,alivio,21
202002146,satisfaccion,21
202002161,preocupacion,18
202002185,motivacion,28
202003106,satisfaccion,18
202003165,felicidad,20
202004116,felicidad,18
202004123,felicidad,24
202004124,alivio,21
202004143,frustracion,26
202004178,aburrimiento,23
202005102,aburrimiento,19
202005114,alivio,23
202005199,aburrimiento,29
202006101,felicidad,24
202006117,satisfaccion,21
202007103,satisfaccion,28
202009130,felicidad,18
202009148,felicidad,17
202009156,tristeza,28
202009159,felicidad,22
202010115,preocupacion,27
202010120,tristeza,22
202010123,aburrimiento,24
202010125,ansiedad,27
202010127,motivacion,26
202010133,felicidad,22
202010142,tristeza,20
202010157,preocupacion,18
202010170,estres,24
202010171,motivacion,29
202010172,enojo,21
202010181,aburrimiento,21
202010183,tristeza,22
202010184,enojo,19
202010185,estres,25
202010186,tristeza,26
202010188,tristeza,28
202010190,felicidad,28
202010202,alivio,23
202010205,satisfaccion,18
202010210,motivacion,21
202010212,alivio,28
202010215,tristeza,29
202010216,alivio,19
202010217,satisfaccion,21
202010220,motivacion,22
202010224,tristeza,29
202010234,satisfaccion,20
202010237,felicidad,28
202010239,ansiedad,17
202010242,frustracion,22
202010253,motivacion,17
202010259,tristeza,27
202010261,tristeza,23
202010262,satisfaccion,24
202010263,tristeza,18
202010265,ansiedad,20
202010272,felicidad,29
202010275,aburrimiento,22
202010277,ansiedad,19
202010280,felicidad,24
202010282,motivacion,21
202010290,estres,24
202010299,satisfaccion,26
202010303,ansiedad,25
202010315,aburrimiento,25
202010316,aburrimiento,20
202010317,alivio,17
202010318,enojo,25
202010320,felicidad,25
202010325,enojo,24
202010326,alivio,24
202010328,satisfaccion,17
202010330,ansiedad,27
202010337,felicidad,17
202010340,felicidad,20
202010341,estres,17
202010342,ansiedad,23
202010343,estres,22
202010346,ansiedad,22
202010352,frustracion,23
202010365,alivio,26
202010369,alivio,25
202010370,felicidad,25
202010373,frustracion,22
202010374,alivio,22
202010379,alivio,17
202010380,motivacion,27
202010381,enojo,17
202010384,estres,17
202010386,preocupacion,21
202010387,alivio,20
202010389,motivacion,27
202010399,motivacion,28
202010402,ansiedad,25
202010403,felicidad,21
202010406,motivacion,24
202010409,satisfaccion,17
202010410,motivacion,23
202010412,alivio,24
202010413,ansiedad,25
202010420,satisfaccion,22
202010421,ansiedad,28
202010423,estres,23
202010427,preocupacion,27
202010428,estres,26
202010431,ansiedad,18
202010435,preocupacion,27
202010439,estres,25
202010454,aburrimiento,29
202010459,ansiedad,21
202010460,felicidad,24
202010461,felicidad,28
202010462,preocupacion,24
202010466,aburrimiento,27
202010469,alivio,22
202010473,alivio,21
202010476,felicidad,26
202010478,preocupacion,28
202010481,aburrimiento,18
202010485,tristeza,25
202010491,satisfaccion,17
202010492,motivacion,29
202010495,alivio,20
202010503,frustracion,29
202010509,felicidad,24
202010510,motivacion,24
202010513,motivacion,29
202010518,satisfaccion,22
202010522,satisfaccion,24
202010523,motivacion,23
202010528,motivacion,28
202010529,ansiedad,23
202010530,motivacion,19
202010533,frustracion,24
202010534,alivio,25
202010535,frustracion,19
202010539,preocupacion,25
202010543,satisfaccion,18
202010544,felicidad,20
202010545,ansiedad,24
202010546,felicidad,25
202010547,felicidad,26
202010549,motivacion,26
202010570,felicidad,20
202010571,aburrimiento,19
202010572,satisfaccion,22
202010573,ansiedad,21
202010574,felicidad,20
202010577,ansiedad,26
202010581,estres,24
202010587,satisfaccion,23
202010588,aburrimiento,24
202010589,estres,22
202010590,motivacion,29
202010598,preocupacion,19
202010600,felicidad,23
202010601,alivio,26
202010602,motivacion,28
202010604,satisfaccion,20
202010605,motivacion,29
202010608,aburrimiento,26
202010609,motivacion,22
202010611,alivio,26
202010614,tristeza,18
202010619,felicidad,25
202010622,aburrimiento,27
202010628,satisfaccion,19
202010631,preocupacion,28
202010632,felicidad,23
202010642,alivio,19
202010643,ansiedad,27
202010645,frustracion,19
202010646,aburrimiento,29
202010655,satisfaccion,20
202010662,estres,24
202010663,estres,17
202010664,alivio,29
202010665,ansiedad,28
202010667,tristeza,26
202010668,frustracion,20
202010670,aburrimiento,28
202010672,felicidad,23
202010674,satisfaccion,28
202010676,felicidad,19
202010678,felicidad,27
202010679,felicidad,23
202010681,motivacion,29
202010684,satisfaccion,20
202010688,felicidad,26
202010690,motivacion,23
202010691,frustracion,18
202010694,motivacion,24
202010695,estres,19
202010704,frustracion,21
202010709,alivio,25
202010714,preocupacion,23
202010715,felicidad,25
202010716,ansiedad,19
202010717,estres,20
202010718,alivio,25
202010720,satisfaccion,22
202010721,estres,18
202010725,aburrimiento,21
202010727,satisfaccion,23
202010733,frustracion,21
202010740,ansiedad,18
202010742,felicidad,23
202011120,ansiedad,27
202011131,estres,24
202012158,preocupacion,23
202012175,motivacion,29
202012180,estres,24
202013103,felicidad,26
202013106,aburrimiento,26
202013136,motivacion,19
202013142,ansiedad,24
202013168,estres,17
202013180,aburrimiento,28
202014188,alivio,22
202015111,aburrimiento,18
202015127,aburrimiento,21
202015188,satisfaccion,29
202020101,tristeza,23
202020104,motivacion,19
202020112,estres,21
202020116,aburrimiento,21
202020118,estres,23
202020120,satisfaccion,24
202020121,ansiedad,22
202020123,satisfaccion,29
202020127,felicidad,23
202020132,preocupacion,19
202020136,frustracion,23
202020137,alivio,27
202020144,enojo,24
202020145,motivacion,17
202020147,motivacion,17
202020151,ansiedad,22
202020154,alivio,20
202020155,preocupacion,19
202020160,motivacion,25
202020162,ansiedad,18
202020164,satisfaccion,22
202020170,preocupacion,28
202020173,ansiedad,25
202020177,aburrimiento,29
202020180,aburrimiento,24
202020181,enojo,21
202020184,ansiedad,22
202020189,aburrimiento,25
202020191,ansiedad,21
202020195,ansiedad,28
202020200,ansiedad,18
202020201,enojo,21
202020202,motivacion,23
202020203,satisfaccion,21
202020205,alivio,27
202020209,felicidad,23
202020211,enojo,29
202020212,preocupacion,28
202020219,satisfaccion,26
202020222,estres,21
202020224,satisfaccion,26
202020226,felicidad,27
202020233,motivacion,27
202020236,satisfaccion,22
202020239,satisfaccion,29
202020240,satisfaccion,17
202020247,aburrimiento,20
202020249,preocupacion,22
202020250,motivacion,27
202020252,ansiedad,25
202020256,motivacion,29
202020258,ansiedad,25
202020261,satisfaccion,17
202020262,felicidad,18
202020264,alivio,25
202020273,aburrimiento,24
202020274,ansiedad,27
202020275,estres,24
202020276,tristeza,26
202020281,motivacion,24
202020283,felicidad,19
202020289,preocupacion,19
202020290,aburrimiento,19
202020292,estres,23
202020296,motivacion,27
202020297,motivacion,20
202020298,satisfaccion,23
202020299,enojo,18
202020303,aburrimiento,27
202020305,frustracion,24
202020306,aburrimiento,25
202020307,satisfaccion,23
202020308,motivacion,21
202020310,ansiedad,24
202020311,satisfaccion,20
202020314,ansiedad,29
202020316,ansiedad,27
202020317,alivio,18
202020318,alivio,21
202020321,estres,22
202020326,frustracion,24
202020328,alivio,24
202020331,ansiedad,22
202020335,satisfaccion,23
202020336,felicidad,26
202020337,aburrimiento,24
202020338,estres,26
202020339,frustracion,21
202020340,satisfaccion,26
202020349,motivacion,29
202020352,estres,17
202020353,ansiedad,19
202020354,alivio,29
202020357,motivacion,20
202020358,motivacion,21
202020362,motivacion,25
202020363,motivacion,23
202020364,satisfaccion,24
202020368,frustracion,18
202020372,preocupacion,17
202020373,estres,26
202020374,motivacion,26
202020375,alivio,27
202020376,ansiedad,28
202020383,motivacion,23
202020384,motivacion,19
202020388,aburrimiento,27
202020390,alivio,20
202020391,alivio,23
202020395,tristeza,17
202020398,alivio,23
202020399,ansiedad,25
202020403,satisfaccion,23
202020405,aburrimiento,26
202020407,estres,28
202020408,preocupacion,25
202020413,satisfaccion,29
202020414,motivacion,22
202020415,frustracion,26
202020431,frustracion,17
202020432,alivio,21
202020433,felicidad,28
202020435,aburrimiento,22
202020436,tristeza,27
202020439,ansiedad,22
202020441,estres,19
202020443,alivio,21
202020444,preocupacion,29
202020447,preocupacion,22
202020448,felicidad,24
202020450,satisfaccion,20
202020456,ansiedad,25
202020459,satisfaccion,22
202020461,motivacion,25
202020463,alivio,21
202020464,alivio,24
202020466,motivacion,20
202020467,alivio,20
202020470,alivio,28
202020471,tristeza,27
202020474,aburrimiento,25
202020481,alivio,23
202020485,motivacion,21
202020487,ansiedad,21
202020493,tristeza,27
202020497,estres,24
202020498,felicidad,23
202020500,felicidad,24
202020502,motivacion,27
202020503,enojo,20
202020508,estres,27
202020510,motivacion,18
202020514,ansiedad,23
202020516,ansiedad,27
202020517,felicidad,27
202020518,estres,25
202020519,satisfaccion,19
202020520,alivio,19
202020521,ansiedad,28
202020523,estres,21
202020526,felicidad,19
202020527,motivacion,23
202020528,frustracion,19
202020537,motivacion,21
202020541,motivacion,27
202020543,motivacion,28
202020544,alivio,19
202020545,felicidad,19
202020547,alivio,17
202020552,satisfaccion,24
202020556,ansiedad,27
202020559,aburrimiento,25
202020560,tristeza,20
202020561,aburrimiento,29
202020564,alivio,22
202020565,enojo,21
202020568,enojo,21
202020570,alivio,28
202020571,motivacion,24
202020572,ansiedad,26
202020574,aburrimiento,29
202020575,satisfaccion,17
202020581,estres,18
202020582,felicidad,19
202020584,alivio,22
202020587,motivacion,22
202020588,frustracion,17
202020589,enojo,24
202020590,tristeza,17
202020591,frustracion,25
202020595,alivio,28
202020596,felicidad,17
202020599,estres,18
202020601,satisfaccion,18
202020602,ansiedad,20
202020603,motivacion,18
202020604,felicidad,22
202020605,estres,20
202020606,ansiedad,17
202020607,aburrimiento,23
202020608,satisfaccion,19
202020609,felicidad,17
202020610,felicidad,22
202020611,tristeza,17
202020613,ansiedad,21
202020617,ansiedad,19
202020619,alivio,17
202020621,aburrimiento,25
202020622,preocupacion,26
202020623,ansiedad,23
202020628,ansiedad,29
202020629,ansiedad,18
202020631,satisfaccion,18
202020637,alivio,26
202020639,felicidad,25
202020642,alivio,20
202020645,alivio,19
202020651,felicidad,27
202020654,tristeza,29
202020655,alivio,27
202020657,motivacion,24
202020658,satisfaccion,20
202020659,ansiedad,29
202020663,ansiedad,28
202020665,ansiedad,28
202020666,motivacion,20
202020667,satisfaccion,25
202020668,motivacion,28
202020669,preocupacion,27
202020671,satisfaccion,20
202020674,preocupacion,17
202020678,alivio,19
202020679,aburrimiento,24
202020680,motivacion,21
202020681,tristeza,24
202020684,preocupacion,24
202020685,estres,23
202020687,alivio,22
202020688,tristeza,20
202020695,enojo,25
202020697,alivio,23
202020698,motivacion,22
202020699,motivacion,22
202020704,estres,19
202020705,preocupacion,21
202020708,aburrimiento,29
202020709,frustracion,24
202020710,tristeza,23
202020711,aburrimiento,22
202020712,alivio,18
202020714,frustracion,28
202020716,satisfaccion,23
202020717,alivio,27
202020719,satisfaccion,20
202020721,alivio,28
202020722,felicidad,28
202020725,aburrimiento,17
202020728,ansiedad,21
202022142,felicidad,25
202023122,motivacion,18
202024113,preocupacion,18
202024142,felicidad,20
202026135,estres,27
202027142,aburrimiento,17
202028146,felicidad,21
202031132,felicidad,17
202033101,alivio,23
202033103,ansiedad,24
202033142,felicidad,23
202033144,aburrimiento,24
202101102,estres,26
202101139,aburrimiento,27
202101140,aburrimiento,21
202101172,estres,18
202102139,motivacion,28
202102163,ansiedad,29
202102164,satisfaccion,21
202102167,felicidad,24
202102199,motivacion,24
202103104,alivio,22
202103110,motivacion,19
202104105,satisfaccion,17
202104131,alivio,23
202104183,ansiedad,19
202105101,ansiedad,22
202105133,felicidad,17
202106108,satisfaccion,23
202106164,motivacion,24
202106195,alivio,21
202108110,ansiedad,17
202108178,felicidad,27
202109155,motivacion,23
202110100,motivacion,20
202110101,ansiedad,25
202110102,alivio,28
202110103,enojo,27
202110104,aburrimiento,24
202110105,motivacion,20
202110106,aburrimiento,28
202110108,motivacion,21
202110109,aburrimiento,29
202110110,estres,17
202110111,preocupacion,26
202110112,satisfaccion,19
202110113,enojo,29
202110114,satisfaccion,23
202110115,ansiedad,17
202110116,estres,18
202110117,estres,24
202110118,felicidad,24
202110119,ansiedad,29
202110120,frustracion,20
202110122,ansiedad,25
202110123,estres,23
202110124,aburrimiento,26
202110125,motivacion,19
202110126,alivio,25
202110127,aburrimiento,19
202110128,alivio,19
202110129,preocupacion,25
202110130,felicidad,25
202110132,aburrimiento,20
202110133,ansiedad,22
202110134,ansiedad,29
202110135,estres,29
202110136,felicidad,22
202110137,preocupacion,22
202110138,estres,29
202110139,ansiedad,23
202110140,ansiedad,20
202110141,ansiedad,26
202110142,alivio,24
202110143,ansiedad,23
202110144,ansiedad,24
202110145,aburrimiento,25
202110146,estres,29
202110147,ansiedad,22
202110148,felicidad,23
202110149,alivio,17
202110150,alivio,28
202110151,motivacion,26
202110152,ansiedad,22
202110153,preocupacion,24
202110154,alivio,26
202110155,satisfaccion,21
202110156,felicidad,20
202110158,estres,17
202110160,satisfaccion,18
202110161,frustracion,22
202110163,alivio,27
202110164,alivio,20
202110165,tristeza,22
202110166,ansiedad,24
202110167,motivacion,18
202110168,preocupacion,22
202110169,ansiedad,19
202110170,satisfaccion,24
202110171,estres,23
202110172,alivio,25
202110173,aburrimiento,19
202110174,alivio,26
202110175,ansiedad,29
202110176,ansiedad,21
202110177,alivio,22
202110178,ansiedad,18
202110180,aburrimiento,21
202110181,aburrimiento,29
202110182,estres,23
202110183,frustracion,20
202110184,enojo,18
202110185,alivio,25
202110188,motivacion,27
202110189,satisfaccion,25
202110190,motivacion,18
202110191,alivio,21
202110192,alivio,21
202110193,satisfaccion,29
202110194,alivio,27
202110196,estres,28
202110197,aburrimiento,25
202110198,frustracion,26
202110199,enojo,29
202110200,aburrimiento,21
202110202,aburrimiento,21
202110203,satisfaccion,21
202110204,frustracion,27
202110205,enojo,20
202110206,tristeza,25
202110207,felicidad,22
202110208,ansiedad,21
202110210,felicidad,21
202110211,satisfaccion,23
202110212,motivacion,22
202110213,alivio,18
202110214,alivio,27
202110215,aburrimiento,19
202110216,felicidad,25
202110217,felicidad,27
202110218,ansiedad,19
202110219,aburrimiento,21
202110220,tristeza,19
202110221,ansiedad,22
202110222,alivio,28
202110223,alivio,24
202110224,alivio,17
202110227,ansiedad,28
202110228,estres,28
202110229,aburrimiento,28
202110230,motivacion,18
202110231,alivio,27
202110232,ansiedad,29
202110233,ansiedad,22
202110234,ansiedad,23
202110235,aburrimiento,21
202110236,preocupacion,24
202110237,frustracion,24
202110238,felicidad,25
202110239,aburrimiento,23
202110241,aburrimiento,26
202110242,enojo,28
202110243,ansiedad,18
202110244,ansiedad,27
202110245,aburrimiento,19
202110246,alivio,22
202110247,motivacion,25
202110249,enojo,28
202110250,ansiedad,24
202110251,alivio,24
202110252,frustracion,23
202110253,ansiedad,20
202110254,ansiedad,25
202110255,satisfaccion,24
202110256,felicidad,25
202110257,estres,25
202110258,felicidad,21
202110259,motivacion,22
202110260,motivacion,23
202110261,satisfaccion,27
202110263,tristeza,24
202110264,preocupacion,27
202110265,motivacion,19
202110266,estres,26
202110267,felicidad,26
202110269,felicidad,22
202110270,alivio,22
202110271,alivio,27
202110273,motivacion,21
202110274,enojo,29
202110275,felicidad,22
202110277,aburrimiento,24
202110279,enojo,18
202110280,alivio,26
202110282,alivio,29
202110283,motivacion,29
202110284,satisfaccion,29
202110285,felicidad,26
202110286,ansiedad,27
202110287,motivacion,22
202110288,alivio,25
202110289,satisfaccion,28
202110290,ansiedad,17
202110291,aburrimiento,25
202110293,estres,19
202110294,aburrimiento,21
202110295,ansiedad,17
202110297,enojo,27
202110298,satisfaccion,29
202110299,alivio,26
202110300,ansiedad,26
202110301,motivacion,27
202110303,alivio,21
202110304,motivacion,24
202110305,felicidad,20
202110306,preocupacion,24
202110307,alivio,17
202110308,frustracion,20
202110309,satisfaccion,17
202110310,alivio,18
202110311,alivio,25
202110312,satisfaccion,18
202110313,ansiedad,26
202110314,ansiedad,26
202110315,estres,20
202110316,felicidad,25
202110317,aburrimiento,25
202110318,alivio,17
202110319,felicidad,18
202110320,ansiedad,23
202110322,felicidad,28
202110323,satisfaccion,26
202110324,estres,23
202110325,alivio,22
202110326,motivacion,17
202110328,frustracion,25
202110329,enojo,25
202110330,frustracion,22
202110331,alivio,20
202110332,preocupacion,28
202110333,felicidad,22
202110334,alivio,22
202110335,motivacion,27
202110336,felicidad,21
202110337,tristeza,20
202110338,frustracion,20
202110339,alivio,22
202110340,felicidad,29
202110341,enojo,23
202110342,ansiedad,28
202110343,satisfaccion,27
202110345,aburrimiento,22
202110346,frustracion,24
202110347,alivio,24
202110348,enojo,18
202110349,motivacion,18
202110350,frustracion,25
202110351,frustracion,18
202110352,aburrimiento,22
202110353,frustracion,29
202110354,estres,19
202110355,felicidad,24
202110356,aburrimiento,23
202110357,aburrimiento,26
202110358,alivio,24
202110359,motivacion,21
202110360,alivio,18
202110361,alivio,28
202110362,aburrimiento,28
202110363,felicidad,18
202110364,aburrimiento,17
202110365,aburrimiento,17
202110366,ansiedad,21
202110367,estres,23
202110369,frustracion,29
202110370,frustracion,25
202110371,felicidad,19
202110372,aburrimiento,26
202110373,aburrimiento,25
202110374,estres,22
202110375,motivacion,28
202110376,alivio,28
202110377,satisfaccion,26
202110378,estres,20
202110379,ansiedad,29
202110380,alivio,22
202110382,felicidad,18
202110383,ansiedad,24
202110384,satisfaccion,18
202110385,alivio,26
202110386,aburrimiento,28
202110387,frustracion,26
202110388,frustracion,28
202110390,aburrimiento,22
202110391,ansiedad,22
202110392,enojo,21
202110394,frustracion,18
202110395,estres,23
202110396,felicidad,25
202110397,ansiedad,20
202110398,satisfaccion,19
202110399,aburrimiento,19
202110400,ansiedad,26
202110401,ansiedad,28
202110402,felicidad,29
202110403,tristeza,23
202110406,preocupacion,18
202110407,preocupacion,21
202110408,felicidad,26
202110409,aburrimiento,20
202110410,estres,20
202110411,alivio,20
202110412,motivacion,22
202110413,frustracion,23
202110414,felicidad,26
202110415,tristeza,24
202110416,tristeza,27
202110417,estres,23
202110418,alivio,28
202110419,preocupacion,18
202110420,alivio,21
202110421,ansiedad,27
202110422,frustracion,24
202110423,estres,22
202110424,aburrimiento,18
202110425,aburrimiento,25
202110427,ansiedad,25
202110429,ansiedad,19
202110430,alivio,20
202110431,felicidad,21
202110432,preocupacion,24
202110433,satisfaccion,20
202110434,alivio,19
202110435,ansiedad,20
202110436,aburrimiento,20
202110437,satisfaccion,24
202110438,motivacion,26
202110439,felicidad,24
202110440,motivacion,29
202110441,aburrimiento,20
202110442,motivacion,23
202110443,felicidad,22
202110444,felicidad,22
202110446,ansiedad,25
202110447,tristeza,28
202110448,aburrimiento,23
202110449,satisfaccion,23
202110450,felicidad,20
202110451,aburrimiento,22
202110452,alivio,21
202110453,alivio,20
202110455,ansiedad,19
202110456,felicidad,17
202110457,satisfaccion,23
202110458,satisfaccion,24
202110459,alivio,19
202110460,frustracion,25
202110461,felicidad,24
202110462,alivio,26
202110463,alivio,26
202110464,felicidad,18
202110465,aburrimiento,18
202110466,ansiedad,25
202110467,enojo,24
202110468,ansiedad,25
202110469,satisfaccion,29
202110470,aburrimiento,25
202110472,aburrimiento,28
202110473,felicidad,21
202110474,satisfaccion,22
202110475,ansiedad,25
202110476,frustracion,22
202110477,estres,22
202110478,felicidad,18
202110479,alivio,24
202110480,aburrimiento,25
202110481,felicidad,21
202110482,enojo,18
202110484,felicidad,29
202110485,alivio,29
202110488,felicidad,17
202110489,felicidad,19
202110490,frustracion,17
202110491,alivio,22
202110492,alivio,20
202110493,aburrimiento,20
202110494,enojo,23
202110495,preocupacion,25
202110496,ansiedad,17
202110497,aburrimiento,25
202110498,aburrimiento,21
202110499,alivio,20
202110500,alivio,28
202110501,satisfaccion,18
202110502,satisfaccion,27
202110503,felicidad,18
202110504,satisfaccion,26
202110505,motivacion,17
202110506,alivio,25
202110507,aburrimiento,22
202110508,felicidad,21
202110509,alivio,22
202110510,frustracion,19
202110511,alivio,19
202110512,ansiedad,21
202110514,ansiedad,27
202110515,preocupacion,19
202110516,felicidad,22
202110518,alivio,24
202110520,aburrimiento,24
202110521,estres,27
202110523,alivio,29
202110524,ansiedad,17
202110526,ansiedad,20
202110527,ansiedad,22
202110528,estres,23
202110529,preocupacion,25
202110530,estres,21
202110532,aburrimiento,25
202110533,aburrimiento,28
202110534,ansiedad,18
202110535,alivio,23
202110536,alivio,20
202110537,alivio,25
202110538,ansiedad,24
202110539,estres,28
202110540,ansiedad,19
202110541,preocupacion,20
202110543,frustracion,20
202110545,preocupacion,27
202110546,felicidad,28
202110547,motivacion,19
202110548,estres,26
202110549,estres,25
202110550,satisfaccion,26
202110551,ansiedad,17
202110552,felicidad,18
202110554,motivacion,27
202110555,motivacion,25
202110556,aburrimiento,23
202110557,estres,23
202110558,felicidad,19
202110559,alivio,27
202110560,alivio,23
202110561,estres,25
202110562,estres,18
202110563,motivacion,24
202110565,estres,18
202110566,alivio,28
202110567,preocupacion,22
202110568,frustracion,17
202110569,felicidad,24
202110570,satisfaccion,26
202110573,alivio,27
202110574,frustracion,26
202110575,ansiedad,23
202110576,alivio,18
202110577,alivio,19
202110578,alivio,26
202110579,motivacion,22
202110580,satisfaccion,22
202110581,aburrimiento,21
202110582,satisfaccion,19
202110583,aburrimiento,24
202110584,felicidad,25
202110585,alivio,24
202110586,alivio,29
202110587,felicidad,26
202110588,estres,20
202110589,alivio,25
202110590,frustracion,21
202110591,ansiedad,21
202110592,alivio,19
202110593,satisfaccion,22
202110594,ansiedad,25
202110596,estres,28
202110597,felicidad,20
202110598,enojo,29
202110599,aburrimiento,22
202110600,ansiedad,21
202110601,ansiedad,22
202110602,ansiedad,17
202110603,felicidad,28
202110604,alivio,29
202110605,aburrimiento,17
202110606,preocupacion,19
202110607,felicidad,22
202110608,alivio,21
202110609,felicidad,22
202110610,aburrimiento,29
202110611,ansiedad,28
202110612,felicidad,22
202110613,enojo,20
202110614,aburrimiento,26
202110615,enojo,21
202110616,enojo,23
202110617,motivacion,27
202110618,ansiedad,29
202110619,enojo,19
202110620,motivacion,24
202110622,motivacion,24
202110623,motivacion,21
202110624,preocupacion,29
202110625,felicidad,18
202110626,ansiedad,20
202110627,motivacion,17
202110628,felicidad,24
202110629,preocupacion,25
202110630,estres,29
202110631,felicidad,24
202110632,felicidad,17
202110634,aburrimiento,19
202110635,felicidad,29
202110636,estres,25
202110637,frustracion,23
202110638,aburrimiento,17
202110639,motivacion,24
202110640,alivio,28
202110641,satisfaccion,28
202110642,alivio,18
202110643,frustracion,18
202110644,felicidad,20
202110645,ansiedad,21
202110646,enojo,21
202110647,aburrimiento,25
202110648,motivacion,17
202110649,felicidad,25
202110650,motivacion,19
202110651,motivacion,21
202110652,motivacion,24
202110653,enojo,23
202110654,felicidad,22
202110655,ansiedad,19
202110656,alivio,28
202110657,felicidad,23
202110659,ansiedad,27
202110660,motivacion,24
202110661,enojo,27
202110662,alivio,29
202110663,tristeza,26
202110664,ansiedad,24
202110665,ansiedad,24
202110666,felicidad,21
202110667,alivio,27
202110668,aburrimiento,23
202110669,ansiedad,20
202110670,estres,20
202110671,ansiedad,24
202110672,felicidad,22
202110673,felicidad,28
202110674,alivio,25
202110675,alivio,24
202110676,enojo,20
202110677,alivio,22
202110678,tristeza,17
202110679,alivio,23
202110680,ansiedad,17
202110681,ansiedad,26
202110682,tristeza,24
202110683,aburrimiento,29
202110684,alivio,21
202110685,alivio,24
202110686,alivio,21
202110687,ansiedad,24
202110688,aburrimiento,27
202110689,alivio,25
202110690,alivio,20
202110691,alivio,21
202110692,tristeza,27
202110693,motivacion,19
202110694,tristeza,21
202110695,motivacion,25
202110696,enojo,23
202110698,enojo,29
202110699,preocupacion,19
202110700,aburrimiento,26
202110701,felicidad,26
202110702,aburrimiento,17
202110703,frustracion,23
202110705,alivio,20
202110706,enojo,23
202110707,aburrimiento,20
202110708,ansiedad,26
202110709,alivio,19
202110710,aburrimiento,22
202110711,ansiedad,26
202110712,preocupacion,18
202110713,felicidad,22
202110714,alivio,26
202110715,ansiedad,29
202110716,ansiedad,25
202110717,motivacion,29
202110719,ansiedad,28
202110720,estres,24
202110721,motivacion,24
202110722,ansiedad,19
202110723,aburrimiento,18
202110724,enojo,27
202110725,satisfaccion,24
202110726,felicidad,26
202110727,alivio,29
202110728,alivio,24
202110729,estres,20
202110730,preocupacion,29
202110731,frustracion,27
202110732,estres,29
202110733,aburrimiento,22
202110734,estres,20
202110735,aburrimiento,19
202110736,felicidad,24
202110737,enojo,24
202110738,alivio,22
202110739,ansiedad,27
202110740,aburrimiento,28
202110741,alivio,27
202110742,aburrimiento,27
202110743,motivacion,24
202110744,estres,22
202110745,enojo,26
202110746,felicidad,22
202110747,alivio,24
202110748,satisfaccion,25
202110749,ansiedad,26
202110750,estres,19
202110751,aburrimiento,22
202110752,aburrimiento,27
202110753,satisfaccion,23
202110755,estres,18
202110756,estres,28
202110757,ansiedad,25
202110758,felicidad,17
202110759,estres,27
202110760,alivio,24
202110761,alivio,20
202110762,alivio,21
202110763,ansiedad,25
202110764,alivio,25
202110765,alivio,28
202110766,ansiedad,25
202110767,frustracion,19
202110768,alivio,18
202110769,alivio,27
202110770,ansiedad,23
202110771,ansiedad,26
202110772,alivio,27
202110773,alivio,27
202110774,alivio,19
202110775,aburrimiento,29
202110776,satisfaccion,24
202110777,aburrimiento,23
202110778,alivio,29
202110779,enojo,28
202110780,alivio,29
202110781,felicidad,24
202110782,aburrimiento,22
202110785,motivacion,17
202110786,satisfaccion,25
202110787,aburrimiento,27
202110788,aburrimiento,22
202110789,satisfaccion,28
202110790,ansiedad,24
202110791,ansiedad,26
202110792,alivio,27
202110793,alivio,18
202110794,motivacion,24
202110795,motivacion,23
202110796,alivio,23
202110797,ansiedad,28
202110798,felicidad,27
202110799,alivio,26
202110800,ansiedad,21
202110801,alivio,20
202110802,aburrimiento,24
202110803,frustracion,23
202110804,estres,22
202110805,alivio,29
202111146,alivio,25
202111187,motivacion,25
202112137,alivio,27
202112181,alivio,24
202113123,preocupacion,24
202113163,frustracion,21
202113171,estres,27
202114102,satisfaccion,23
202114121,alivio,18
202114184,estres,23
202115122,alivio,29
202115126,enojo,20
202115178,preocupacion,22
202120100,estres,20
202120101,alivio,19
202120102,motivacion,20
202120103,motivacion,23
202120104,alivio,18
202120105,alivio,20
202120107,felicidad,17
202120108,tristeza,24
202120109,ansiedad,27
202120111,alivio,24
202120113,alivio,23
202120114,ansiedad,25
202120115,motivacion,25
202120116,motivacion,17
202120117,aburrimiento,19
202120118,frustracion,21
202120119,aburrimiento,24
202120120,ansiedad,18
202120121,frustracion,20
202120122,alivio,29
202120123,alivio,21
202120124,aburrimiento,24
202120125,frustracion,25
202120126,alivio,22
202120127,alivio,24
202120128,alivio,20
202120129,alivio,20
202120130,preocupacion,22
202120131,ansiedad,23
202120132,estres,22
202120133,aburrimiento,20
202120134,alivio,26
202120135,alivio,27
202120136,satisfaccion,26
202120137,satisfaccion,28
202120138,motivacion,28
202120139,ansiedad,23
202120140,motivacion,23
202120141,motivacion,17
202120142,frustracion,24
202120143,aburrimiento,17
202120144,aburrimiento,20
202120145,aburrimiento,19
202120146,enojo,21
202120147,aburrimiento,27
202120148,satisfaccion,24
202120149,motivacion,26
202120150,motivacion,28
202120152,alivio,17
202120153,motivacion,27
202120154,alivio,27
202120155,alivio,21
202120156,aburrimiento,28
202120157,felicidad,20
202120158,ansiedad,17
202120159,alivio,20
202120160,alivio,20
202120161,felicidad,21
202120162,alivio,17
202120163,tristeza,24
202120164,estres,19
202120165,aburrimiento,29
202120166,felicidad,25
202120167,motivacion,23
202120168,felicidad,24
202120169,estres,24
202120170,alivio,28
202120171,ansiedad,18
202120172,alivio,23
202120173,ansiedad,27
202120174,alivio,27
202120175,alivio,18
202120176,satisfaccion,17
202120177,felicidad,17
202120178,ansiedad,25
202120179,aburrimiento,20
202120180,enojo,26
202120181,alivio,28
202120183,enojo,25
202120184,estres,23
202120185,alivio,20
202120186,ansiedad,23
202120187,alivio,26
202120188,satisfaccion,25
202120189,ansiedad,25
202120190,felicidad,17
202120191,alivio,28
202120192,alivio,27
202120193,alivio,24
202120194,ansiedad,19
202120195,ansiedad,18
202120196,estres,29
202120197,alivio,21
202120198,felicidad,24
202120199,satisfaccion,21
202120200,frustracion,29
202120201,preocupacion,26
202120202,ansiedad,20
202120203,tristeza,23
202120204,estres,29
202120205,motivacion,28
202120206,motivacion,18
202120207,aburrimiento,21
202120208,motivacion,23
202120209,alivio,26
202120210,enojo,24
202120211,ansiedad,29
202120213,satisfaccion,27
202120214,motivacion,20
202120215,alivio,24
202120216,ansiedad,26
202120217,motivacion,25
202120218,alivio,20
202120219,alivio,28
202120220,alivio,17
202120221,alivio,29
202120222,alivio,18
202120223,motivacion,23
202120224,ansiedad,24
202120225,felicidad,27
202120226,alivio,23
202120227,enojo,26
202120228,preocupacion,27
202120229,ansiedad,20
202120230,alivio,17
202120231,alivio,29
202120232,alivio,27
202120233,frustracion,29
202120234,frustracion,26
202120235,satisfaccion,18
202120236,satisfaccion,26
202120237,estres,20
202120238,ansiedad,17
202120239,motivacion,24
202120240,alivio,23
202120241,tristeza,22
202120242,alivio,24
202120243,ansiedad,27
202120245,alivio,20
202120246,alivio,26
202120247,ansiedad,20
202120248,frustracion,18
202120249,preocupacion,23
202120250,aburrimiento,24
202120251,alivio,28
202120252,alivio,28
202120253,satisfaccion,20
202120254,motivacion,17
202120255,ansiedad,23
202120256,felicidad,18
202120257,preocupacion,27
202120258,aburrimiento,24
202120259,aburrimiento,29
202120260,alivio,26
202120261,tristeza,26
202120262,motivacion,28
202120263,alivio,27
202120264,felicidad,28
202120265,satisfaccion,25
202120266,ansiedad,21
202120267,alivio,23
202120268,estres,21
202120269,felicidad,24
202120270,preocupacion,24
202120271,alivio,22
202120272,preocupacion,28
202120273,alivio,21
202120274,ansiedad,25
202120275,felicidad,23
202120276,felicidad,28
202120277,felicidad,25
202120278,alivio,27
202120279,aburrimiento,19
202120281,alivio,24
202120282,aburrimiento,17
202120283,aburrimiento,19
202120284,motivacion,27
202120285,motivacion,24
202120286,frustracion,22
202120287,felicidad,24
202120288,alivio,18
202120289,aburrimiento,25
202120290,ansiedad,26
202120291,motivacion,23
202120292,alivio,24
202120293,alivio,18
202120294,alivio,28
202120295,estres,26
202120296,ansiedad,21
202120297,alivio,29
202120298,aburrimiento,25
202120299,motivacion,19
202120300,ansiedad,24
202120301,estres,25
202120302,aburrimiento,25
202120303,estres,28
202120304,motivacion,26
202120305,motivacion,28
202120306,satisfaccion,28
202120307,ansiedad,29
202120308,alivio,25
202120309,felicidad,21
202120310,frustracion,25
202120311,aburrimiento,29
202120312,estres,20
202120313,aburrimiento,18
202120314,ansiedad,21
202120315,felicidad,19
202120316,preocupacion,22
202120317,aburrimiento,17
202120318,motivacion,24
202120319,motivacion,21
202120320,aburrimiento,17
202120321,alivio,27
202120322,estres,24
202120323,felicidad,17
202120324,satisfaccion,26
202120325,motivacion,20
202120326,alivio,17
202120327,estres,24
202120328,estres,26
202120329,alivio,23
202120330,frustracion,29
202120331,satisfaccion,27
202120332,motivacion,21
202120333,aburrimiento,25
202120334,alivio,27
202120335,aburrimiento,20
202120336,aburrimiento,22
202120337,alivio,26
202120338,estres,25
202120339,felicidad,25
202120340,alivio,29
202120341,alivio,19
202120342,frustracion,22
202120343,frustracion,18
202120344,aburrimiento,24
202120345,satisfaccion,27
202120346,tristeza,19
202120347,felicidad,21
202120348,ansiedad,26
202120349,satisfaccion,23
202120350,estres,27
202120351,aburrimiento,23
202120353,felicidad,25
202120354,estres,17
202120355,felicidad,23
202120356,motivacion,24
202120357,enojo,26
202120358,motivacion,21
202120359,felicidad,26
202120360,alivio,25
202120361,estres,18
202120362,alivio,28
202120363,ansiedad,23
202120364,satisfaccion,23
202120366,ansiedad,22
202120367,aburrimiento,27
202120368,motivacion,25
202120369,satisfaccion,18
202120370,frustracion,23
202120371,ansiedad,17
202120372,tristeza,21
202120373,aburrimiento,29
202120374,alivio,19
202120375,frustracion,21
202120376,felicidad,19
202120377,alivio,21
202120378,motivacion,22
202120379,preocupacion,24
202120380,alivio,20
202120381,felicidad,22
202120382,motivacion,26
202120383,felicidad,26
202120384,aburrimiento,22
202120385,alivio,22
202120386,enojo,21
202120387,aburrimiento,28
202120388,alivio,28
202120389,alivio,26
202120390,alivio,21
202120391,alivio,21
202120392,ansiedad,26
202120393,alivio,25
202120394,ansiedad,29
202120395,preocupacion,17
202120396,motivacion,22
202120397,tristeza,25
202120398,motivacion,27
202120399,aburrimiento,23
202120400,tristeza,24
202120401,felicidad,26
202120402,satisfaccion,18
202120403,ansiedad,20
202120404,satisfaccion,18
202120405,alivio,25
202120406,aburrimiento,20
202120407,frustracion,21
202120409,satisfaccion,20
202120410,enojo,25
202120411,motivacion,27
202120412,motivacion,22
202120413,felicidad,20
202120414,preocupacion,20
202120415,motivacion,17
202120416,alivio,19
202120417,aburrimiento,27
202120418,estres,22
202120420,estres,26
202120421,ansiedad,22
202120422,ansiedad,22
202120423,estres,23
202120424,alivio,27
202120425,alivio,27
202120426,satisfaccion,23
202120427,frustracion,21
202120428,estres,26
202120429,ansiedad,29
202120430,aburrimiento,22
202120431,motivacion,25
202120432,motivacion,19
202120433,alivio,23
202120434,alivio,23
202120435,ansiedad,20
202120436,motivacion,25
202120437,aburrimiento,22
202120438,motivacion,22
202120439,ansiedad,27
202120440,aburrimiento,17
202120441,motivacion,22
202120442,preocupacion,17
202120443,felicidad,27
202120444,satisfaccion,28
202120445,felicidad,23
202120446,ansiedad,27
202120447,motivacion,19
202120448,tristeza,20
202120449,preocupacion,23
202120450,aburrimiento,19
202120451,alivio,27
202120452,alivio,27
202120453,motivacion,26
202120454,alivio,18
202120455,estres,17
202120456,estres,22
202120457,felicidad,28
202120458,felicidad,27
202120459,aburrimiento,23
202120460,aburrimiento,27
202120461,felicidad,17
202120463,motivacion,24
202120464,ansiedad,25
202120465,enojo,26
202120466,frustracion,20
202120467,felicidad,28
202120468,alivio,18
202120469,alivio,24
202120470,ansiedad,27
202120471,motivacion,20
202120472,felicidad,25
202120473,felicidad,20
202120474,frustracion,18
202120475,frustracion,23
202120476,satisfaccion,20
202120477,estres,17
202120478,alivio,27
202120479,alivio,26
202120480,motivacion,23
202120481,enojo,24
202120482,estres,20
202120483,motivacion,25
202120484,motivacion,19
202120485,enojo,23
202120486,felicidad,23
202120487,frustracion,25
202120488,preocupacion,17
202120489,enojo,26
202120490,ansiedad,29
202120491,frustracion,26
202120492,alivio,23
202120493,ansiedad,17
202120494,motivacion,18
202120495,ansiedad,20
202120496,ansiedad,26
202120497,motivacion,27
202120498,alivio,21
202120499,tristeza,18
202120500,satisfaccion,22
202120501,estres,23
202120502,satisfaccion,29
202120503,felicidad,17
202120504,aburrimiento,27
202120505,alivio,21
202120506,estres,26
202120507,satisfaccion,17
202120508,alivio,18
202120509,ansiedad,26
202120510,tristeza,25
202120511,alivio,20
202120512,motivacion,18
202120513,felicidad,26
202120514,ansiedad,20
202120515,motivacion,20
202120516,ansiedad,27
202120517,ansiedad,25
202120518,felicidad,29
202120519,preocupacion,19
202120520,aburrimiento,20
202120521,tristeza,22
202120522,ansiedad,27
202120523,tristeza,19
202120524,felicidad,26
202120525,motivacion,27
202120526,enojo,22
202120527,motivacion,26
202120528,estres,26
202120529,ansiedad,29
202120530,alivio,20
202120531,ansiedad,24
202120532,ansiedad,21
202120533,alivio,28
202120534,satisfaccion,28
202120535,alivio,23
202120536,felicidad,27
202120537,ansiedad,27
202120538,estres,28
202120539,aburrimiento,21
202120540,ansiedad,29
202120541,felicidad,22
202120542,ansiedad,24
202120543,alivio,26
202120544,ansiedad,26
202120545,frustracion,20
202120546,satisfaccion,27
202120547,motivacion,21
202120548,motivacion,22
202120549,felicidad,25
202120550,felicidad,23
202120551,enojo,25
202120552,enojo,19
202120553,motivacion,19
202120554,felicidad,21
202120555,alivio,22
202120556,alivio,26
202120557,felicidad,28
202120558,estres,20
202120559,satisfaccion,25
202120560,alivio,27
202120561,aburrimiento,21
202120562,enojo,20
202120563,motivacion,28
202120564,ansiedad,23
202120565,felicidad,18
202120566,frustracion,25
202120567,alivio,26
202120568,alivio,27
202120569,felicidad,28
202120570,motivacion,21
202120571,aburrimiento,23
202120572,motivacion,18
202120573,alivio,22
202120574,preocupacion,24
202120575,ansiedad,26
202120576,satisfaccion,28
202120577,felicidad,26
202120578,tristeza,18
202120579,preocupacion,19
202120580,alivio,22
202120581,preocupacion,27
202120582,motivacion,29
202120583,aburrimiento,18
202120584,satisfaccion,24
202120585,enojo,29
202120586,motivacion,27
202120587,ansiedad,28
202120588,aburrimiento,25
202120589,tristeza,23
202120590,satisfaccion,18
202120591,felicidad,19
202120592,felicidad,23
202120593,satisfaccion,27
202120594,alivio,22
202120595,frustracion,21
202120596,aburrimiento,24
202120597,motivacion,23
202120598,motivacion,27
202120599,ansiedad,21
202120600,motivacion,29
202120601,alivio,22
202120602,satisfaccion,29
202120603,felicidad,19
202120604,alivio,20
202120605,alivio,26
202120606,felicidad,26
202120607,estres,19
202120608,enojo,17
202120609,satisfaccion,22
202120610,alivio,29
202120611,estres,26
202120612,enojo,18
202120613,preocupacion,20
202120614,estres,17
202120615,alivio,22
202120616,aburrimiento,29
202120617,ansiedad,24
202120618,felicidad,27
202120619,motivacion,24
202120620,aburrimiento,25
202120621,felicidad,17
202120622,ansiedad,27
202120623,alivio,25
202120624,felicidad,25
202120625,estres,21
202120626,frustracion,28
202120627,motivacion,17
202120628,ansiedad,24
202120629,alivio,22
202120630,alivio,21
202120631,ansiedad,19
202120632,estres,29
202120633,preocupacion,21
202120634,alivio,28
202120635,alivio,17
202120636,motivacion,28
202120637,felicidad,17
202120638,satisfaccion,28
202120639,ansiedad,28
202120640,felicidad,21
202120641,alivio,27
202120642,satisfaccion,24
202120643,satisfaccion,20
202120644,enojo,25
202120645,felicidad,23
202120646,tristeza,19
202120647,estres,25
202120648,ansiedad,22
202120649,frustracion,22
202120650,motivacion,21
202120651,satisfaccion,24
202120652,alivio,17
202120653,ansiedad,21
202120654,felicidad,25
202120655,aburrimiento,29
202120656,ansiedad,21
202120657,estres,28
202120658,ansiedad,29
202120659,satisfaccion,28
202120660,ansiedad,21
202120661,frustracion,17
202120662,motivacion,18
202120663,alivio,22
202120664,felicidad,22
202120665,motivacion,22
202120666,tristeza,18
202120667,alivio,18
202120668,ansiedad,20
202120669,ansiedad,22
202120670,satisfaccion,28
202120671,motivacion,23
202120672,estres,26
202120673,motivacion,29
202120674,aburrimiento,23
202120675,satisfaccion,24
202120676,tristeza,20
202120677,felicidad,24
202120678,alivio,23
202120679,frustracion,20
202120680,frustracion,25
202120681,aburrimiento,22
202120682,ansiedad,26
202120683,aburrimiento,18
202120684,felicidad,17
202120685,aburrimiento,24
202120686,felicidad,17
202120687,ansiedad,25
202120688,motivacion,24
202120689,alivio,17
202120690,alivio,24
202120691,preocupacion,26
202120692,alivio,21
202120693,estres,22
202120694,estres,28
202120695,motivacion,20
202120696,motivacion,20
202120697,aburrimiento,26
202120698,alivio,20
202120699,estres,19
202120700,motivacion,21
202120701,motivacion,19
202120702,enojo,23
202120703,aburrimiento,17
202120704,alivio,28
202120705,aburrimiento,19
202120706,enojo,21
202120707,felicidad,17
202120708,aburrimiento,24
202120709,aburrimiento,22
202120710,felicidad,29
202120711,ansiedad,17
202120712,alivio,23
202120713,alivio,25
202120714,motivacion,29
202120715,estres,18
202120716,felicidad,27
202120717,ansiedad,22
202120718,felicidad,24
202120719,aburrimiento,25
202120720,enojo,28
202120721,aburrimiento,17
202120722,motivacion,20
202120723,estres,22
202120724,felicidad,27
202120725,felicidad,22
202120726,motivacion,21
202120727,estres,27
202120728,ansiedad,28
202120729,felicidad,25
202120730,ansiedad,24
202120731,ansiedad,27
202120732,motivacion,27
202120733,felicidad,27
202120734,ansiedad,28
202120735,preocupacion,29
202120736,estres,20
202120737,aburrimiento,25
202120738,ansiedad,23
202120739,alivio,21
202120740,alivio,25
202120741,ansiedad,28
202120742,felicidad,24
202120743,motivacion,21
202120744,felicidad,27
202120745,alivio,23
202120746,tristeza,27
202120747,alivio,25
202120748,felicidad,17
202120749,estres,20
202120750,preocupacion,23
202120751,estres,17
202120752,motivacion,23
202120753,alivio,20
202120754,ansiedad,19
202120755,aburrimiento,20
202120756,tristeza,26
202120757,estres,21
202120758,frustracion,18
202120759,aburrimiento,26
202120760,ansiedad,21
202120761,ansiedad,24
202120762,alivio,19
202120763,alivio,20
202120764,felicidad,19
202120765,satisfaccion,21
202120766,felicidad,18
202120767,alivio,25
202120768,motivacion,22
202120769,motivacion,21
202120770,motivacion,18
202120771,ansiedad,25
202120772,estres,20
202120773,alivio,22
202120774,aburrimiento,25
202120775,enojo,23
202120776,satisfaccion,26
202120777,motivacion,29
202120778,estres,17
202120779,motivacion,20
202120780,felicidad,28
202120781,preocupacion,27
202120782,felicidad,17
202120783,motivacion,23
202120784,tristeza,21
202120785,estres,20
202120786,aburrimiento,26
202120787,felicidad,20
202120788,preocupacion,20
202120789,aburrimiento,28
202120790,preocupacion,27
202120791,ansiedad,28
202120792,motivacion,22
202120793,ansiedad,28
202120794,alivio,26
202120795,felicidad,28
202120796,motivacion,26
202120797,motivacion,17
202120798,aburrimiento,19
202120799,ansiedad,29
202120800,estres,24
202120801,alivio,28
202120802,aburrimiento,19
202120803,ansiedad,18
202120804,preocupacion,29
202120805,preocupacion,22
202120806,satisfaccion,22
202120807,aburrimiento,18
202120808,ansiedad,24
202120809,alivio,24
202120810,aburrimiento,28
202120811,aburrimiento,24
202120812,ansiedad,24
202120813,aburrimiento,26
202120814,estres,23
202120815,ansiedad,21
202121137,enojo,28
202122115,satisfaccion,27
202122117,estres,21
202123131,alivio,29
202125126,aburrimiento,19
202127101,motivacion,24
202127104,felicidad,28
202127107,aburrimiento,23
202127144,alivio,22
202128123,felicidad,22
202133106,ansiedad,17
202201110,alivio,24
202201133,estres,24
202202124,felicidad,23
202202135,motivacion,27
202202148,felicidad,25
202202168,frustracion,27
202204140,alivio,28
202206109,felicidad,21
202206141,motivacion,29
202206161,aburrimiento,26
202207100,ansiedad,20
202208103,motivacion,26
202208111,alivio,19
202208114,estres,28
202209118,motivacion,24
202210100,preocupacion,17
202210101,satisfaccion,20
202210106,alivio,23
202210107,motivacion,23
202210112,tristeza,25
202210114,alivio,21
202210117,tristeza,23
202210120,satisfaccion,22
202210123,tristeza,22
202210126,estres,23
202210127,estres,24
202210130,satisfaccion,28
202210132,motivacion,19
202210133,satisfaccion,28
202210135,estres,20
202210137,estres,20
202210141,preocupacion,25
202210147,estres,17
202210150,enojo,19
202210153,alivio,21
202210155,aburrimiento,24
202210158,estres,17
202210160,frustracion,29
202210163,motivacion,29
202210164,tristeza,22
202210165,tristeza,24
202210166,preocupacion,29
202210167,alivio,21
202210168,satisfaccion,18
202210170,frustracion,20
202210173,satisfaccion,24
202210174,preocupacion,23
202210175,estres,22
202210176,tristeza,23
202210179,motivacion,22
202210181,alivio,28
202210182,tristeza,23
202210183,preocupacion,20
202210186,alivio,19
202210188,tristeza,24
202210189,felicidad,20
202210191,estres,23
202210192,ansiedad,26
202210194,satisfaccion,17
202210197,preocupacion,25
202210204,satisfaccion,21
202210205,felicidad,17
202210207,motivacion,22
202210208,alivio,26
202210211,satisfaccion,28
202210212,aburrimiento,27
202210213,ansiedad,18
202210218,enojo,23
202210219,satisfaccion,22
202210220,tristeza,19
202210222,preocupacion,22
202210227,aburrimiento,19
202210230,satisfaccion,28
202210232,motivacion,25
202210234,enojo,22
202210237,satisfaccion,18
202210239,satisfaccion,26
202210241,motivacion,18
202210242,aburrimiento,25
202210243,motivacion,26
202210247,ansiedad,24
202210250,felicidad,23
202210257,estres,21
202210261,tristeza,26
202210262,estres,19
202210263,alivio,19
202210267,motivacion,19
202210269,aburrimiento,28
202210270,frustracion,17
202210271,motivacion,26
202210272,preocupacion,24
202210279,enojo,24
202210280,motivacion,24
202210284,satisfaccion,23
202210285,enojo,21
202210288,frustracion,19
202210290,enojo,29
202210292,frustracion,23
202210294,ansiedad,25
202210298,preocupacion,22
202210299,felicidad,24
202210300,estres,26
202210303,satisfaccion,23
202210304,estres,28
202210309,alivio,24
202210310,tristeza,27
202210312,motivacion,17
202210317,motivacion,28
202210320,preocupacion,29
202210324,motivacion,23
202210325,enojo,17
202210326,aburrimiento,24
202210329,motivacion,25
202210333,satisfaccion,18
202210334,enojo,25
202210340,motivacion,23
202210343,ansiedad,28
202210344,ansiedad,18
202210346,preocupacion,23
202210347,motivacion,20
202210352,felicidad,21
202210359,felicidad,21
202210360,motivacion,25
202210361,satisfaccion,26
202210362,felicidad,19
202210363,satisfaccion,19
202210366,felicidad,17
202210367,motivacion,22
202210369,felicidad,17
202210370,frustracion,19
202210377,satisfaccion,27
202210379,aburrimiento,27
202210380,enojo,17
202210381,estres,21
202210383,preocupacion,25
202210384,preocupacion,26
202210385,alivio,23
202210388,ansiedad,17
202210390,alivio,18
202210391,aburrimiento,21
202210395,aburrimiento,21
202210397,enojo,28
202210399,satisfaccion,29
202210400,enojo,21
202210401,aburrimiento,28
202210403,preocupacion,23
202210404,motivacion,19
202210406,tristeza,22
202210411,motivacion,21
202210412,aburrimiento,25
202210414,ansiedad,28
202210415,satisfaccion,23
202210416,aburrimiento,26
202210418,ansiedad,25
202210419,alivio,22
202210421,satisfaccion,18
202210422,felicidad,23
202210423,frustracion,21
202210424,aburrimiento,22
202210428,estres,24
202210429,satisfaccion,21
202210431,enojo,22
202210434,satisfaccion,21
202210437,ansiedad,24
202210441,motivacion,17
202210442,enojo,21
202210444,estres,21
202210446,ansiedad,19
202210447,frustracion,25
202210449,motivacion,17
202210451,frustracion,29
202210455,enojo,26
202210456,tristeza,24
202210457,motivacion,24
202210462,estres,28
202210467,felicidad,21
202210469,satisfaccion,28
202210470,alivio,21
202210471,aburrimiento,25
202210477,motivacion,29
202210478,satisfaccion,21
202210479,alivio,27
202210482,satisfaccion,25
202210483,satisfaccion,19
202210484,felicidad,26
202210485,alivio,18
202210486,tristeza,21
202210490,frustracion,22
202210491,preocupacion,23
202210493,motivacion,17
202210495,aburrimiento,24
202210496,alivio,20
202210497,felicidad,17
202210499,alivio,25
202210500,alivio,24
202210501,alivio,21
202210504,preocupacion,22
202210506,estres,26
202210507,satisfaccion,24
202210508,estres,27
202210513,alivio,27
202210514,ansiedad,22
202210515,aburrimiento,24
202210516,estres,22
202210518,motivacion,19
202210520,satisfaccion,22
202210522,ansiedad,18
202210523,ansiedad,22
202210529,motivacion,28
202210531,aburrimiento,18
202210532,enojo,20
202210533,motivacion,26
202210535,felicidad,19
202210538,aburrimiento,22
202210539,alivio,22
202210540,tristeza,23
202210542,estres,23
202210543,tristeza,17
202210544,frustracion,26
202210545,estres,17
202210548,ansiedad,27
202210551,aburrimiento,24
202210552,enojo,28
202210553,estres,21
202210559,estres,22
202210560,satisfaccion,26
202210562,felicidad,24
202210564,felicidad,23
202210565,tristeza,27
202210567,ansiedad,21
202210569,frustracion,24
202210570,felicidad,19
202210572,felicidad,24
202210574,felicidad,29
202210577,estres,27
202210578,estres,28
202210581,satisfaccion,24
202210584,estres,27
202210585,frustracion,21
202210586,alivio,23
202210587,frustracion,22
202210590,satisfaccion,24
202210593,felicidad,28
202210594,aburrimiento,22
202210595,alivio,28
202210596,enojo,23
202210597,tristeza,29
202210598,tristeza,19
202210599,preocupacion,24
202210601,satisfaccion,26
202210603,estres,21
202210605,aburrimiento,22
202210611,ansiedad,19
202210612,satisfaccion,22
202210613,satisfaccion,19
202210614,motivacion,29
202210615,satisfaccion,17
202210616,felicidad,23
202210617,estres,21
202210618,alivio,20
202210624,ansiedad,24
202210625,alivio,24
202210629,alivio,17
202210637,estres,28
202210638,ansiedad,28
202210643,estres,19
202210647,tristeza,23
202210648,felicidad,29
202210649,alivio,25
202210651,felicidad,24
202210656,alivio,24
202210657,aburrimiento,17
202210658,motivacion,22
202210660,motivacion,17
202210661,felicidad,19
202210663,preocupacion,24
202210664,aburrimiento,24
202210666,satisfaccion,22
202210667,motivacion,29
202210668,motivacion,17
202210669,ansiedad,21
202210670,tristeza,27
202210672,aburrimiento,18
202210673,felicidad,25
202210674,alivio,22
202210676,aburrimiento,22
202210677,aburrimiento,26
202210678,ansiedad,24
202210680,alivio,22
202210681,enojo,17
202210683,motivacion,24
202210684,felicidad,25
202210686,tristeza,21
202210687,aburrimiento,27
202210688,preocupacion,22
202210689,tristeza,20
202210692,ansiedad,19
202210696,preocupacion,22
202210697,estres,22
202210699,preocupacion,21
202210700,enojo,27
202210701,satisfaccion,24
202210703,frustracion,18
202210704,estres,19
202210706,felicidad,25
202210709,ansiedad,25
202210711,tristeza,17
202210713,estres,26
202210715,preocupacion,22
202210717,ansiedad,24
202210718,tristeza,22
202210719,ansiedad,21
202210720,ansiedad,25
202210722,aburrimiento,24
202210723,felicidad,22
202210727,ansiedad,28
202210728,estres,25
202210730,frustracion,21
202210732,alivio,27
202210733,motivacion,22
202210735,preocupacion,27
202210736,felicidad,24
202210738,tristeza,27
202210739,felicidad,24
202210740,aburrimiento,28
202210741,enojo,20
202210745,aburrimiento,23
202210747,tristeza,22
202210748,satisfaccion,22
202210751,alivio,20
202210752,motivacion,24
202210755,felicidad,25
202210758,satisfaccion,18
202210760,satisfaccion,23
202210761,enojo,19
202210762,estres,20
202210763,preocupacion,23
202210764,alivio,27
202210765,alivio,28
202210766,satisfaccion,22
202210767,tristeza,22
202210768,felicidad,22
202210770,motivacion,24
202210772,tristeza,25
202210773,satisfaccion,17
202210774,estres,27
202210778,ansiedad,18
202210781,felicidad,19
202210785,alivio,17
202210791,satisfaccion,24
202210793,satisfaccion,26
202210794,ansiedad,24
202210795,ansiedad,18
202210796,preocupacion,26
202210797,satisfaccion,27
202210798,motivacion,28
202210801,alivio,20
202210802,estres,20
202210803,felicidad,23
202210807,alivio,24
202210811,felicidad,24
202210812,ansiedad,19
202210813,motivacion,26
202210814,estres,24
202210815,ansiedad,24
202211157,preocupacion,27
202211162,motivacion,25
202211188,alivio,29
202212118,alivio,21
202212120,motivacion,18
202212189,alivio,29
202213115,aburrimiento,23
202213119,satisfaccion,27
202214137,motivacion,20
202214144,estres,29
202215146,ansiedad,26
202215189,alivio,26
202220100,felicidad,22
202220101,alivio,20
202220104,alivio,20
202220105,motivacion,17
202220106,alivio,18
202220108,motivacion,27
202220113,ansiedad,18
202220114,aburrimiento,18
202220116,motivacion,18
202220118,ansiedad,19
202220119,aburrimiento,26
202220121,alivio,20
202220125,felicidad,26
202220126,felicidad,22
202220127,estres,27
202220130,motivacion,25
202220131,motivacion,25
202220132,satisfaccion,21
202220134,frustracion,27
202220135,alivio,27
202220136,motivacion,23
202220137,aburrimiento,27
202220139,estres,21
202220140,estres,21
202220141,satisfaccion,23
202220142,motivacion,20
202220143,aburrimiento,20
202220144,preocupacion,27
202220147,estres,17
202220149,alivio,20
202220150,estres,25
202220151,ansiedad,21
202220152,tristeza,21
202220153,preocupacion,25
202220157,aburrimiento,19
202220158,motivacion,25
202220159,aburrimiento,24
202220160,ansiedad,21
202220161,enojo,20
202220163,estres,21
202220166,preocupacion,27
202220167,motivacion,19
202220168,alivio,24
202220169,alivio,18
202220170,frustracion,21
202220174,alivio,26
202220176,alivio,27
202220179,motivacion,18
202220180,motivacion,24
202220182,alivio,28
202220184,motivacion,28
202220185,frustracion,26
202220186,aburrimiento,27
202220188,satisfaccion,29
202220189,frustracion,20
202220190,felicidad,17
202220192,ansiedad,19
202220193,satisfaccion,18
202220196,enojo,27
202220197,aburrimiento,25
202220198,motivacion,17
202220199,frustracion,27
202220200,alivio,22
202220203,aburrimiento,27
202220204,alivio,19
202220205,motivacion,28
202220206,alivio,27
202220207,satisfaccion,23
202220208,felicidad,29
202220210,alivio,22
202220211,aburrimiento,28
202220212,satisfaccion,25
202220215,alivio,27
202220216,alivio,20
202220218,satisfaccion,28
202220221,frustracion,27
202220222,ansiedad,20
202220227,felicidad,29
202220228,tristeza,19
202220229,felicidad,20
202220230,alivio,22
202220234,aburrimiento,28
202220237,satisfaccion,28
202220239,tristeza,22
202220240,tristeza,29
202220241,satisfaccion,26
202220242,satisfaccion,17
202220243,alivio,17
202220244,motivacion,28
202220246,felicidad,17
202220247,felicidad,29
202220249,frustracion,28
202220250,alivio,26
202220252,felicidad,19
202220253,estres,23
202220258,felicidad,21
202220259,motivacion,17
202220260,estres,18
202220263,alivio,28
202220268,felicidad,23
202220270,tristeza,28
202220273,ansiedad,19
202220274,estres,24
202220276,frustracion,26
202220278,ansiedad,28
202220279,alivio,24
202220280,satisfaccion,23
202220281,ansiedad,18
202220282,aburrimiento,28
202220283,felicidad,24
202220284,ansiedad,24
202220285,satisfaccion,26
202220287,motivacion,22
202220290,estres,20
202220291,alivio,25
202220292,frustracion,20
202220293,estres,23
202220294,enojo,28
202220295,enojo,24
202220296,aburrimiento,29
202220297,preocupacion,23
202220300,alivio,25
202220301,frustracion,26
202220302,ansiedad,26
202220303,enojo,24
202220304,motivacion,25
202220305,ansiedad,17
202220306,preocupacion,26
202220307,satisfaccion,17
202220308,estres,22
202220310,felicidad,26
202220311,ansiedad,23
202220314,preocupacion,29
202220315,tristeza,26
202220316,estres,19
202220317,preocupacion,22
202220318,aburrimiento,17
202220320,felicidad,23
202220321,alivio,27
202220324,ansiedad,28
202220327,frustracion,23
202220328,motivacion,17
202220329,preocupacion,21
202220330,satisfaccion,19
202220331,felicidad,23
202220332,estres,22
202220333,ansiedad,18
202220334,estres,26
202220335,satisfaccion,18
202220336,preocupacion,17
202220338,alivio,17
202220339,ansiedad,21
202220340,felicidad,27
202220342,ansiedad,23
202220344,tristeza,24
202220345,felicidad,22
202220346,enojo,20
202220347,enojo,18
202220348,alivio,23
202220349,ansiedad,23
202220351,alivio,27
202220352,estres,25
202220353,alivio,20
202220354,frustracion,28
202220355,ansiedad,22
202220356,frustracion,28
202220358,satisfaccion,29
202220359,ansiedad,22
202220360,estres,28
202220361,motivacion,26
202220362,ansiedad,28
202220363,alivio,19
202220364,preocupacion,28
202220368,motivacion,23
202220369,estres,24
202220370,satisfaccion,24
202220371,alivio,29
202220372,felicidad,29
202220373,aburrimiento,24
202220375,estres,20
202220376,aburrimiento,17
202220377,preocupacion,17
202220379,satisfaccion,20
202220381,felicidad,18
202220383,felicidad,21
202220385,aburrimiento,29
202220386,felicidad,27
202220387,motivacion,18
202220388,alivio,20
202220389,motivacion,24
202220390,motivacion,18
202220393,ansiedad,29
202220394,alivio,25
202220395,felicidad,27
202220396,frustracion,26
202220398,ansiedad,29
202220399,motivacion,20
202220400,alivio,19
202220402,satisfaccion,18
202220405,satisfaccion,29
202220406,estres,21
202220407,alivio,18
202220408,frustracion,19
202220410,estres,26
202220412,alivio,18
202220413,ansiedad,27
202220414,motivacion,25
202220416,motivacion,29
202220417,felicidad,26
202220418,tristeza,22
202220419,estres,17
202220420,ansiedad,25
202220421,enojo,29
202220422,preocupacion,17
202220425,tristeza,26
202220426,felicidad,23
202220427,motivacion,22
202220428,felicidad,25
202220430,motivacion,17
202220431,aburrimiento,22
202220432,preocupacion,23
202220433,tristeza,29
202220434,alivio,28
202220435,motivacion,19
202220436,aburrimiento,23
202220438,ansiedad,21
202220440,estres,24
202220441,estres,27
202220442,estres,29
202220443,felicidad,18
202220444,aburrimiento,29
202220446,motivacion,27
202220448,satisfaccion,29
202220450,felicidad,27
202220451,estres,19
202220452,ansiedad,27
202220453,ansiedad,26
202220454,alivio,27
202220455,frustracion,21
202220456,estres,25
202220457,frustracion,20
202220459,enojo,29
202220460,motivacion,24
202220461,estres,24
202220462,motivacion,23
202220463,motivacion,19
202220465,aburrimiento,21
202220466,satisfaccion,19
202220467,frustracion,24
202220468,preocupacion,28
202220469,enojo,25
202220470,aburrimiento,24
202220471,motivacion,21
202220472,frustracion,22
202220474,estres,18
202220475,satisfaccion,23
202220476,tristeza,21
202220477,aburrimiento,27
202220478,alivio,24
202220479,aburrimiento,27
202220482,enojo,20
202220483,satisfaccion,27
202220484,satisfaccion,24
202220485,estres,22
202220486,alivio,23
202220487,aburrimiento,25
202220488,tristeza,19
202220489,tristeza,25
202220490,alivio,24
202220491,enojo,29
202220492,ansiedad,29
202220494,motivacion,28
202220495,estres,23
202220496,preocupacion,21
202220497,ansiedad,25
202220498,alivio,23
202220499,estres,19
202220500,frustracion,22
202220501,ansiedad,27
202220504,felicidad,28
202220505,satisfaccion,27
202220506,felicidad,27
202220508,felicidad,24
202220509,estres,24
202220510,aburrimiento,21
202220511,tristeza,29
202220513,alivio,22
202220514,ansiedad,28
202220516,felicidad,20
202220517,aburrimiento,22
202220518,felicidad,18
202220519,motivacion,21
202220520,ansiedad,27
202220523,preocupacion,22
202220524,felicidad,29
202220525,ansiedad,17
202220526,ansiedad,24
202220527,alivio,21
202220528,enojo,17
202220529,ansiedad,18
202220530,alivio,24
202220531,alivio,21
202220532,estres,17
202220535,alivio,19
202220536,frustracion,20
202220537,enojo,22
202220539,alivio,27
202220540,alivio,18
202220541,aburrimiento,25
202220542,alivio,18
202220543,felicidad,22
202220544,alivio,26
202220545,alivio,25
202220546,felicidad,20
202220547,estres,22
202220548,aburrimiento,26
202220549,motivacion,23
202220551,alivio,23
202220552,enojo,25
202220553,frustracion,28
202220554,motivacion,24
202220555,aburrimiento,23
202220556,motivacion,29
202220557,satisfaccion,23
202220558,aburrimiento,26
202220559,frustracion,19
202220560,preocupacion,22
202220561,frustracion,21
202220564,aburrimiento,23
202220568,alivio,26
202220569,satisfaccion,17
202220571,motivacion,29
202220572,aburrimiento,26
202220575,motivacion,29
202220576,motivacion,25
202220580,motivacion,25
202220581,frustracion,26
202220582,ansiedad,25
202220584,alivio,28
202220585,ansiedad,21
202220586,alivio,26
202220587,aburrimiento,21
202220589,alivio,22
202220590,aburrimiento,25
202220592,motivacion,22
202220593,aburrimiento,26
202220594,alivio,29
202220596,alivio,27
202220597,satisfaccion,23
202220598,satisfaccion,23
202220599,satisfaccion,17
202220600,alivio,22
202220601,tristeza,23
202220602,alivio,20
202220603,alivio,23
202220604,frustracion,27
202220605,satisfaccion,19
202220606,felicidad,25
202220607,frustracion,24
202220608,estres,26
202220609,ansiedad,25
202220610,estres,21
202220611,aburrimiento,19
202220612,alivio,27
202220613,estres,29
202220614,ansiedad,24
202220615,alivio,24
202220616,ansiedad,25
202220617,motivacion,24
202220618,satisfaccion,21
202220620,motivacion,26
202220621,motivacion,23
202220622,frustracion,23
202220623,ansiedad,21
202220624,alivio,23
202220626,alivio,17
202220627,preocupacion,29
202220628,motivacion,26
202220629,motivacion,21
202220631,tristeza,20
202220633,enojo,20
202220634,felicidad,22
202220635,motivacion,26
202220637,aburrimiento,26
202220638,alivio,23
202220639,estres,19
202220640,tristeza,21
202220641,felicidad,18
202220642,satisfaccion,24
202220643,aburrimiento,22
202220644,aburrimiento,24
202220645,tristeza,27
202220648,felicidad,22
202220649,estres,18
202220650,aburrimiento,20
202220651,aburrimiento,21
202220652,motivacion,24
202220654,estres,28
202220655,tristeza,18
202220656,motivacion,23
202220657,aburrimiento,24
202220658,alivio,22
202220660,aburrimiento,23
202220661,satisfaccion,19
202220662,motivacion,20
202220664,frustracion,27
202220665,alivio,21
202220666,estres,17
202220667,aburrimiento,23
202220670,preocupacion,24
202220671,tristeza,24
202220672,motivacion,22
202220673,ansiedad,24
202220674,ansiedad,26
202220676,tristeza,28
202220677,aburrimiento,25
202220678,enojo,27
202220679,alivio,28
202220680,estres,20
202220681,alivio,28
202220683,ansiedad,28
202220685,preocupacion,18
202220686,satisfaccion,29
202220687,estres,23
202220688,felicidad,18
202220689,enojo,21
202220690,aburrimiento,29
202220691,alivio,24
202220692,felicidad,23
202220693,estres,23
202220694,satisfaccion,17
202220695,ansiedad,28
202220696,alivio,29
202220697,felicidad,25
202220698,motivacion,26
202220699,felicidad,23
202220700,enojo,23
202220702,ansiedad,25
202220703,aburrimiento,23
202220704,alivio,24
202220705,felicidad,27
202220706,alivio,18
202220707,aburrimiento,28
202220708,frustracion,24
202220709,alivio,17
202220710,satisfaccion,29
202220711,frustracion,27
202220712,satisfaccion,21
202220713,tristeza,23
202220714,ansiedad,28
202220715,ansiedad,19
202220717,tristeza,23
202220718,aburrimiento,26
202220719,motivacion,20
202220720,tristeza,26
202220721,felicidad,28
202220722,alivio,21
202220723,aburrimiento,23
202220724,frustracion,28
202220726,ansiedad,24
202220729,enojo,29
202220730,satisfaccion,26
202220733,alivio,19
202220735,aburrimiento,19
202220736,felicidad,27
202220737,aburrimiento,20
202220738,preocupacion,24
202220739,alivio,23
202220740,enojo,21
202220742,ansiedad,24
202220743,motivacion,22
202220744,enojo,25
202220745,motivacion,21
202220746,motivacion,20
202220747,enojo,21
202220748,felicidad,24
202220749,alivio,25
202220750,alivio,19
202220754,tristeza,22
202220755,felicidad,21
202220756,frustracion,23
202220762,ansiedad,23
202220763,felicidad,19
202220764,motivacion,20
202220765,felicidad,24
202220766,aburrimiento,27
202220767,satisfaccion,17
202220768,ansiedad,19
202220769,alivio,19
202220770,ansiedad,20
202220771,felicidad,17
202220772,estres,29
202220773,ansiedad,28
202220774,satisfaccion,19
202220775,ansiedad,29
202220777,felicidad,24
202220779,preocupacion,26
202220780,alivio,25
202220781,ansiedad,19
202220782,estres,18
202220783,alivio,24
202220784,estres,20
202220785,alivio,22
202220786,felicidad,29
202220787,felicidad,17
202220788,ansiedad,25
202220789,felicidad,21
202220790,tristeza,27
202220791,enojo,23
202220793,aburrimiento,19
202220794,ansiedad,20
202220796,satisfaccion,21
202220798,ansiedad,25
202220800,ansiedad,24
202220802,motivacion,23
202220803,estres,28
202220805,felicidad,18
202220807,alivio,23
202220808,alivio,21
202220810,alivio,22
202220811,enojo,21
202220813,motivacion,26
202220814,felicidad,27
202220815,estres,23
202220816,alivio,19
202220817,aburrimiento,20
202221100,motivacion,19
202221126,preocupacion,20
202224137,satisfaccion,22
202225104,enojo,29
202225119,ansiedad,21
202228127,motivacion,23
202228134,alivio,17
202232114,estres,27
202233126,satisfaccion,18
202233128,preocupacion,19
202301152,motivacion,18
202301176,satisfaccion,19
202302107,satisfaccion,26
202302129,alivio,24
202302177,estres,25
202303161,felicidad,28
202304120,satisfaccion,24
202304145,felicidad,29
202305112,aburrimiento,26
202305128,felicidad,27
202305144,felicidad,23
202305191,satisfaccion,28
202306102,ansiedad,25
202306110,tristeza,23
202306116,motivacion,27
202306131,estres,21
202307133,motivacion,24
202308180,alivio,27
202309124,felicidad,26
202309139,felicidad,29
202309146,felicidad,17
202310105,satisfaccion,17
202310117,ansiedad,22
202310119,felicidad,23
202310128,ansiedad,23
202310130,frustracion,19
202310136,satisfaccion,17
202310144,enojo,21
202310151,aburrimiento,29
202310153,motivacion,27
202310161,enojo,27
202310164,satisfaccion,28
202310165,alivio,29
202310166,motivacion,27
202310178,enojo,23
202310180,motivacion,25
202310202,felicidad,22
202310203,satisfaccion,22
202310207,satisfaccion,19
202310213,preocupacion,28
202310227,satisfaccion,19
202310228,alivio,22
202310229,estres,23
202310232,felicidad,18
202310235,motivacion,20
202310237,motivacion,19
202310239,tristeza,22
202310245,alivio,25
202310261,motivacion,21
202310263,aburrimiento,24
202310264,motivacion,17
202310269,ansiedad,17
202310271,motivacion,25
202310274,aburrimiento,27
202310277,felicidad,17
202310281,felicidad,25
202310282,satisfaccion,24
202310288,aburrimiento,27
202310293,felicidad,21
202310295,motivacion,26
202310298,tristeza,27
202310307,ansiedad,22
202310311,felicidad,21
202310313,motivacion,25
202310317,ansiedad,20
202310337,preocupacion,26
202310338,alivio,29
202310342,alivio,29
202310354,frustracion,21
202310370,estres,22
202310375,aburrimiento,20
202310377,preocupacion,28
202310381,aburrimiento,29
202310383,satisfaccion,29
202310385,estres,26
202310389,tristeza,18
202310393,motivacion,23
202310399,frustracion,24
202310400,satisfaccion,22
202310413,frustracion,19
202310414,tristeza,25
202310424,preocupacion,22
202310426,motivacion,17
202310434,ansiedad,19
202310441,motivacion,25
202310442,aburrimiento,27
202310444,enojo,26
202310447,motivacion,27
202310455,alivio,20
202310457,satisfaccion,26
202310458,satisfaccion,28
202310459,felicidad,19
202310466,felicidad,28
202310474,alivio,21
202310477,felicidad,22
202310478,motivacion,22
202310480,frustracion,24
202310489,motivacion,17
202310492,estres,22
202310494,felicidad,21
202310506,felicidad,23
202310509,tristeza,24
202310510,felicidad,28
202310512,preocupacion,26
202310515,satisfaccion,23
202310517,felicidad,19
202310521,felicidad,20
202310522,enojo,17
202310532,estres,26
202310538,aburrimiento,20
202310539,motivacion,19
202310543,aburrimiento,23
202310546,satisfaccion,19
202310547,frustracion,26
202310548,satisfaccion,29
202310551,aburrimiento,27
202310556,satisfaccion,26
202310570,tristeza,24
202310572,estres,25
202310573,frustracion,23
202310591,satisfaccion,23
202310593,aburrimiento,28
202310595,felicidad,22
202310596,felicidad,19
202310600,tristeza,21
202310604,estres,22
202310607,tristeza,20
202310610,alivio,21
202310612,frustracion,19
202310616,motivacion,22
202310625,ansiedad,21
202310633,frustracion,28
202310638,aburrimiento,24
202310642,estres,23
202310646,ansiedad,29
202310659,frustracion,19
202310661,satisfaccion,23
202310662,enojo,25
202310666,alivio,28
202310667,estres,25
202310668,tristeza,21
202310683,enojo,19
202310685,estres,22
202310687,estres,18
202310688,frustracion,21
202310695,preocupacion,21
202310711,felicidad,24
202310733,frustracion,18
202310735,motivacion,23
202310740,motivacion,24
202310745,felicidad,20
202310750,motivacion,29
202310756,ansiedad,26
202310757,alivio,18
202310763,ansiedad,26
202310766,preocupacion,25
202310770,motivacion,20
202310782,satisfaccion,28
202310783,estres,18
202310791,frustracion,18
202310796,tristeza,19
202310798,satisfaccion,25
202310801,tristeza,26
202310806,satisfaccion,21
202310807,motivacion,18
202310809,ansiedad,18
202310810,motivacion,21
202310814,tristeza,24
202310816,enojo,18
202310817,tristeza,26
202311133,tristeza,23
202311145,alivio,22
202311151,alivio,23
202311169,satisfaccion,24
202312108,felicidad,23
202312144,motivacion,25
202313112,estres,21
202313188,motivacion,21
202314103,satisfaccion,18
202314153,alivio,22
202315136,aburrimiento,29
202315153,motivacion,26
202320100,felicidad,25
202320102,motivacion,27
202320103,enojo,21
202320105,alivio,21
202320106,frustracion,23
202320107,motivacion,18
202320114,preocupacion,22
202320120,ansiedad,24
202320122,felicidad,20
202320133,felicidad,21
202320135,aburrimiento,19
202320136,frustracion,25
202320137,frustracion,18
202320139,aburrimiento,18
202320142,satisfaccion,20
202320148,felicidad,27
202320149,ansiedad,23
202320152,alivio,20
202320153,enojo,23
202320163,preocupacion,21
202320175,felicidad,22
202320177,estres,21
202320179,alivio,23
202320181,felicidad,22
202320185,ansiedad,29
202320197,tristeza,22
202320202,felicidad,25
202320203,alivio,19
202320205,motivacion,24
202320208,ansiedad,26
202320223,motivacion,22
202320229,ansiedad,21
202320230,motivacion,21
202320233,enojo,29
202320236,alivio,25
202320241,alivio,27
202320242,aburrimiento,21
202320246,motivacion,29
202320251,frustracion,21
202320255,preocupacion,25
202320259,ansiedad,29
202320270,ansiedad,18
202320273,felicidad,22
202320275,motivacion,19
202320276,ansiedad,17
202320278,alivio,24
202320279,ansiedad,25
202320281,estres,25
202320282,enojo,21
202320284,ansiedad,21
202320289,estres,21
202320292,felicidad,26
202320294,preocupacion,28
202320296,satisfaccion,27
202320301,motivacion,23
202320305,estres,22
202320307,frustracion,24
202320308,satisfaccion,27
202320316,enojo,29
202320318,ansiedad,29
202320322,enojo,28
202320331,motivacion,18
202320334,ansiedad,27
202320367,aburrimiento,21
202320373,preocupacion,21
202320376,estres,23
202320381,estres,24
202320384,satisfaccion,17
202320407,enojo,21
202320410,satisfaccion,26
202320412,estres,22
202320423,aburrimiento,21
202320433,aburrimiento,17
202320434,felicidad,29
202320437,ansiedad,20
202320443,alivio,23
202320444,aburrimiento,20
202320446,felicidad,25
202320450,ansiedad,24
202320459,alivio,22
202320460,aburrimiento,24
202320463,motivacion,27
202320466,aburrimiento,19
202320468,satisfaccion,26
202320469,preocupacion,27
202320472,felicidad,27
202320475,ansiedad,20
202320478,satisfaccion,23
202320482,aburrimiento,22
202320486,aburrimiento,20
202320489,felicidad,26
202320491,ansiedad,20
202320492,frustracion,19
202320495,preocupacion,17
202320500,satisfaccion,21
202320501,preocupacion,27
202320504,alivio,23
202320505,estres,21
202320506,motivacion,27
202320507,felicidad,25
202320511,ansiedad,29
202320512,motivacion,18
202320514,aburrimiento,18
202320520,aburrimiento,26
202320524,estres,23
202320526,ansiedad,24
202320528,satisfaccion,26
202320532,aburrimiento,18
202320537,ansiedad,19
202320539,satisfaccion,28
202320543,motivacion,28
202320546,enojo,19
202320548,estres,26
202320549,enojo,20
202320555,satisfaccion,25
202320558,ansiedad,20
202320561,satisfaccion,22
202320563,ansiedad,21
202320564,tristeza,22
202320566,ansiedad,25
202320568,felicidad,19
202320571,enojo,22
202320580,frustracion,17
202320582,motivacion,26
202320586,ansiedad,19
202320590,satisfaccion,28
202320594,felicidad,24
202320595,ansiedad,22
202320597,ansiedad,21
202320602,felicidad,22
202320603,felicidad,22
202320607,motivacion,27
202320612,motivacion,23
202320615,felicidad,25
202320623,alivio,23
202320624,tristeza,19
202320627,motivacion,29
202320629,motivacion,17
202320633,satisfaccion,25
202320635,alivio,22
202320637,tristeza,21
202320639,alivio,18
202320641,alivio,23
202320643,felicidad,24
202320645,ansiedad,24
202320649,ansiedad,22
202320656,ansiedad,29
202320658,satisfaccion,21
202320659,ansiedad,18
202320660,motivacion,26
202320661,tristeza,29
202320662,satisfaccion,17
202320667,alivio,19
202320668,felicidad,25
202320671,satisfaccion,29
202320677,enojo,25
202320679,satisfaccion,20
202320680,alivio,23
202320684,satisfaccion,26
202320685,satisfaccion,21
202320687,estres,28
202320688,estres,19
202320694,felicidad,26
202320696,tristeza,22
202320705,felicidad,29
202320706,preocupacion,19
202320707,alivio,23
202320710,tristeza,27
202320712,satisfaccion,18
202320713,alivio,25
202320714,motivacion,23
202320716,frustracion,18
202320719,ansiedad,26
202320720,ansiedad,22
202320722,alivio,25
202320723,estres,18
202320727,motivacion,21
202320748,motivacion,17
202320750,motivacion,22
202320751,preocupacion,26
202320754,estres,25
202320756,alivio,18
202320757,motivacion,26
202320759,ansiedad,24
202320760,tristeza,21
202320761,satisfaccion,26
202320763,preocupacion,27
202320768,felicidad,26
202320775,motivacion,18
202320777,estres,17
202320779,alivio,17
202320780,ansiedad,21
202320784,enojo,28
202320786,tristeza,22
202320788,motivacion,20
202320789,satisfaccion,23
202320790,ansiedad,20
202320791,preocupacion,22
202320792,preocupacion,21
202320794,aburrimiento,26
202320795,ansiedad,20
202320798,alivio,27
202320801,frustracion,28
202320803,tristeza,29
202320804,ansiedad,21
202320805,alivio,26
202320808,felicidad,21
202320810,preocupacion,27
202320811,motivacion,21
202320815,frustracion,26
202320819,felicidad,19
202320820,felicidad,25
202320822,tristeza,27
202320823,preocupacion,22
202320825,motivacion,23
202320826,alivio,28
202320830,felicidad,23
202320831,tristeza,23
202320832,motivacion,27
202320834,alivio,28
202322145,tristeza,25
202324104,estres,22
202327121,aburrimiento,25
202330109,tristeza,24
202332108,aburrimiento,20